star,age,sex,review
3.00,30代,女性,注文してから1週間以上掛かりました。いつ届くか分からないし、問い合わせもフリーダイヤルではなかったしちょっと損した気分です…
4.00,40代,男性,まだ効果はありませんがドライヤー自体はデザイン カラーは満足しています
4.00,20代,女性,以前使っていたドライヤーがこわれ、すぐに注文。すぐに来ました！助かりました。ありがとうございます。ただ、新品なのか匂いが少しだけ気になるので&#10134;☆で。
4.00,nothing,nothing,恥ずかしながら、ドライヤーなんて髪を乾かす機能でどれも一緒と思いホームセンターで安いのを使ってましたが…やっぱり違うんですね。使い始めて１週間で髪が軟らかくなっているのを実感してます。色もゴールドで気にいってます。
3.00,20代,男性,楽天セールで購入しました．まだ使用していませんが，とてもコンパクトです
5.00,30代,女性,軽くて使い易いです。髪の毛を乾かす時間が短縮出来て準備が楽になりました。
5.00,30代,女性,いままで15000円で購入したナノケアを使ってましたが、壊れてしまったのでこちらを購入。比較すると、ナノケアよりボディーが小さく軽いのでロングヘアーの方でも手が疲れないです(^-^)パワーはさほど変わりないと思います！仕上がりは、こっちのがサラサラになります！音はナノケアのほうが低音で静かでした。この価格でこれはお買い得！
5.00,nothing,nothing,非常に満足しています。風量がもう少しあるともっと良かったです。
2.00,nothing,nothing,商品はパナソニックだし問題ありません！乾くのも早いし安く買えてよかったです。ただ前のが壊れてすぐ欲しくて大手で注文したのですが届くまで1週間位かかりました。遅すぎでしょ〜星2で。
5.00,nothing,nothing,コンパクトなドライヤーが欲しくて購入しました。デザイン、風量、料金共に申し分ないです。
4.00,30代,女性,使っていたドライヤーが壊れたので探していたところ、この商品を見つけました。値段も安いし、あまり期待してなかったのですが、これを使いだして、髪がつるつる、さらさらに。次の日も髪のまとまり具合がいい感じです。風力がもう少しあれば、乾かす時間が短縮されるので（ロングヘアーなので）いいなと思うので、星4つで。
4.00,40代,男性,価格からすると良い商品だと思います。少し臭いが気になりますが、風量も充分で今までの物より早く乾くような気がします。
4.00,nothing,nothing,イオンドライヤーはやっぱり少し違うと感じます。イオンドライヤーでこんなに安いのはなかなか無いのでは？
5.00,50代,男性,13年前のイオンドライヤーが壊れたため買い替えました。ドライヤーの値段をみると１万円超えのものから、この商品のような２千円台まで様々で、価格が高いものほど高機能で髪にはいいのでしょうが、私のようにヘアセットに１分もかけないものにとっては十分の機能と思います。
4.00,30代,女性,パナソニックなので期待しすぎました。お値段なりです。簡単に壊れる物ではないので、もうちょっといい物を買えばよかったかな。
5.00,nothing,nothing,使っていたドライヤーが壊れたのでしぶしぶ買い換えました。安かったのでこの性能で、しかもマイナスイオンもでているんだと満足です。
5.00,20代,女性,髪質も、ドライヤーで決まるので、良い品であれば良いなと期待してます。風量は強いのでgoodです！
4.00,nothing,nothing,イオンも何も出ない一番安いドライヤーから変えたので、使った初日はしっとりする感じがしましたが、二日目からあまり感じなくなりました。匂いは少し臭いです。
3.00,nothing,nothing,値段が下がってたのでガッカリ。商品じたいはよかったです。
3.00,40代,女性,対応、配送共に早くて良かったです。毎日使う物が壊れて焦りましたがすぐに使えて商品も良かったです。
4.00,20代,女性,やっぱりパナソニックさんは安定感が素晴らしい。欲を言えば、もうちょい風力強め希望だが、もう大満足。
5.00,30代,女性,コンパクトだけど、風量もあり安いし買って良かった！
3.00,30代,女性,突然 ドライヤーが壊れてしまし 早々に購入しました。以前使っていた物と同じ出力を購入したつもりですが 家族の皆は 風の出が弱いよ申しております。
5.00,20代,女性,かなりのくせっ毛ですが乾かすとまっすぐなっていて一日中しっとりしたように思います。かわきも早く、いい買い物をしたなと思いました！
5.00,50代,男性,軽くて使いやすいです。色とデザインが気に入りました。音も静かな方ではないかと思います。マイナスイオンがどのくらいの効果があるのか分かりませんが安くて良い買い物をしたと思っています。
4.00,30代,女性,勢いもあり、なかなかの使い心地です。ただ、冷風にターボ機能がないので冷風を使う瞬間に弱い風力で乾かすのはちょっと残念でした。
4.00,nothing,nothing,パナソニックでこの価格、性能的にも不満はありません。
5.00,nothing,nothing,コンパクトで軽くて、パワーもしっかりあるのでロングヘアーですが短時間で乾きます。高級なドライヤーも色々悩みましたが、まだ小学生が2人使うので、これで十分でした。送料入れても、どこのお店よりお安く購入でき満足です。
5.00,40代,女性,小さくて軽いのに、パワーは文句無しです。なのに音はさほどでもなくぜんぜんＯＫ！こな値段でこの使い心地ならかなりお得商品です。
5.00,30代,男性,さすがイオニティーですね。髪がサラサラになりやす。パワーも申し分ないですね。音もうるさすぎることもないです。
4.00,30代,男性,ずっと使ってたドライヤーが壊れてしまったので、購入しました。軽いのに、パワーがあり、非常に使いやすいです。また、マイナスイオン効果か乾かした後、髪がサラサラになった気がします。満足してます。
5.00,40代,男性,同じ商品を使っていましたが、故障したので購入。安く購入できて助かりました。
3.00,nothing,nothing,マイナスイオンドライヤーは、何台も持っていたけれど、このコンパクトさは、今までになかったと思います。でも、まだ使ってません(笑)
4.00,30代,女性,パナソニックの製品が昔から好きで、こちらを購入。安いのによくかわきます。おとの大きさは気にならない程度。そして心なしか髪がさらさらになったきがします。
5.00,nothing,nothing,元々猫っ毛でボリュームが出にくい髪質ですが、このドライヤーを使うとふんわりまとまって、髪型が決まりやすくなりました。
4.00,nothing,nothing,今まで使っていたドライヤーが古かったので、仕上がりはいい感じですが、匂いが気になります。
4.00,30代,女性,以前使っていた物より乾きが早い気がします。
5.00,nothing,nothing,大会の景品で購入しました。良かったと思います。
5.00,nothing,nothing,値段も安くて商品の到着も早く一番は色がキレイでしたよ
5.00,nothing,nothing,わんこの体を乾かしていて落としてしまい故障、ネットでこちらの商品を見つけ即注文しました。コジマさんのお店でpanasonicの製品でこの価格は、嬉しいですしゴールド調でとてもおしゃれで音もさほど大きくないです。マイナスイオンは、初めて購入ですがドライヤーのかけ心地もしっとりした感じがして良いです。良い買物が出来ました。
5.00,nothing,nothing,軽くて、乾かした後髪がしっとりしました。これがマイナスイオンなんですね、購入して良かったです
4.00,nothing,nothing,10年前に買った初代イオニティが壊れてしまったので、2代目を購入しました。10年前よりコンパクトになりツヤツヤ感も増し、進化しているなと思いました。色もお洒落だし気に入りました。ちょっと風量が弱い気もしますがそんなに気になりません。お安く購入できて良かったです。
5.00,40代,女性,8年くらい使っていたイオニティが壊れたので買い換えました。以前の物に比べると少し風量不足ですが、お値段を考えると★５つです。
3.00,nothing,nothing,ドライヤーからくる風の臭いが少し気になりました。使ってる間になくなるかもですが。少し風量は弱い感じがしましたが安かったのでよいです。
5.00,nothing,nothing,前のが壊れたので購入。コンパクトで軽いけどパワーあります！！！買ってよかったです。
4.00,nothing,nothing,旧イオニティを二台使っていますが、比べて大した違いは分からないけど乾くのは多少早いかも…？そして妹もサラサラになるかもと言ってました。使い始めなのか、やや病院な匂いがしますがそのうち消えると思います。
4.00,30代,女性,商品の梱包はさすが！！という感じで丁寧でした♪使ってみての感想は・・・イイです！！！今までのドライヤーが悪すぎた（笑）のか、このドライヤーで乾かしたあとは今までとはまったく違います。値段は安いのか、高いのか、よくわからないですが、とにもかくにも手が出る値段でこの使用感を得られてのは納得です。
5.00,40代,女性,くるくるドライヤーしかなく、このような形のドライヤーを探していました。以前ＴＶであるタレントが EHNE13W の商品を購入している時にコメントを聞き良さそうだなと思いこちらを拝見していたら、同系でこちらのほが風量がありそうだったので、こちらに決めました。（商品到着待ち）
4.00,30代,女性,安くて、風量も申し分なしです。軽くてコンパクトで使いやすいです。音が安っぽいですが、ま、そんなもんでしょう！概ね満足です！
4.00,50代,女性,メジャーな商品なのに安く手に入ってうれしいです。今までのドライヤーよりも軽くてつかいがってもよく、デザインもオシャレで気に入っています。
5.00,50代,女性,お安く買えてとても満足です。数年前には高価だったマイナスイオンドライヤーが、今はこんなに安いなんて。
4.00,20代,女性,コンパクトな割りに馬力がある！以前使用していた、さらに一回り大きいドライヤーで10分以上かかっていた乾かしも5分程度と短縮されました！（胸下のロングヘアーです）レビューでドライヤーの風が臭いや、音がうるさいなどについては、『何となくわかるな〜』という程度です。きになりません！ポイント利用で送料込み2500円で購入できたので、いい買い物したな！と思ってます。
5.00,nothing,nothing,購入翌日に値下げしているとちょっとへこみますね。お品はお色も上品ですしこのお値段なら満足です。
4.00,30代,男性,以前使っていたドライヤーが壊れたため購入しました。子供の髪を乾かせれば良かったので、価格で決めました。大人の私でも風量等、特に問題はありません。
5.00,30代,男性,１２年ほど使ったドライヤーから焦げ臭い匂いがするので買い替えです。もっとお高いドライヤーもありますが、これハンドル畳めるし軽いし、風量も十分！それに思った以上に髪がサラサラになります。イオンの効果は期待していなかったのでこれは嬉しい誤算です＾＾お勧めできるお品です！
4.00,30代,女性,出産して1か月ほど実家にお世話になった時、使いました。私の髪は硬くて太くて多いしちょっとクセもあってまとまりにくかったのに、これを使ったら髪が柔らかくなってボリュームも抑えられてまとまりが良くなりました。自宅で使ってたクレイツのドライヤーが運良く？壊れたので今回購入したのですが、実家で使っていた程の効果が感じられず・・・。そもそもマイナスイオンってまだまだ疑わしいとも思うのですが・・・。でもサラサラになったのは事実だし。。。うーん、、当たりハズレがあるのかしら・・・。ですが普通に髪を乾かす道具としては問題なしです。
5.00,40代,女性,イオン機能付きドライヤー自体持っていたのですが、家族が使っていて、私自身はかなり前に購入した普通のドライヤーを使っており たまたまイオン機能付きドライヤーで髪を乾かしたら手触りが全然違う事に気が付いて 新しくこちらを購入。1万越えの高級製品もありますのでこちらはかなり安い部類に入りますが充分に乾かした後の髪がサラサラになります。色も落ち着いたトーンで飽きがこない感じでいいですよ。お勧めです。
4.00,50代,女性,【デザイン】よし【静音性】少し大きい【乾燥スピード】普通より少し上【スタイリング】普通【使いやすさ】普通【その他】思ったより普通に近かったと思うけど値段を考えるとほし4つはいけます。
5.00,30代,男性,内容も対応も満足しています。不調箇所もなく満足しています。
5.00,20代,女性,近くのお店で買うより安く購入できてよかった♪デザインも安く見えなくていいです★
5.00,40代,女性,少し、風量が弱いですね。乾かしてみて、ツルツルに髪がなります。コンパクトです。旅行にも、良いですね。
4.00,nothing,nothing,長年使っていたドライヤーが壊れてしまったのでポイントで購入しました。パナソニック製なので安心で、使い心地も満足です。【デザイン】ゴールドのお色が上品でお部屋にも馴染むので良いです。【静音性】うるさくはないですが、特別静かでもないです。【乾燥スピード】風量もそこそこといったところですが、乾きは早いと思います。【スタイリング】マイナスイオンは特に期待してなかったのですが、仕上がりは指通りがよくサラサラで、効果を実感しました。【使いやすさ】コンパクトで重いと感じることもないので使いやすいと思います。【その他】冷風の風量が弱いのはなんでだろうと。私は仕上がりに少し使うだけなので問題ありませんが・・・。
5.00,nothing,nothing,すばやい対応でしたし、思った以上にしっかりした商品で納得の一品でした。色的にも、デザイン的にも家族全員喜んでいました。
5.00,20代,男性,風力重視だったので充分です！とても満足してます。
5.00,40代,女性,デザイン、使いやすさもまったく問題なく。快適です
5.00,nothing,nothing,産後、髪の傷みが気になり購入しました。使い始めてすぐに、家族にツヤツヤだね！と褒められました。トリートメントは全く変えてもいないので、このドライヤーのおかげだと思います。とても安い物ですが、効果は大きいと思います。パワーもソコソコあり、子供と一緒に使っています。本当に購入して良かったと思います
5.00,nothing,nothing,とても良いです。ﾍﾟｯﾄにTESCOMのﾄﾞﾗｲﾔｰを噛まれてしまい、安かったので同じ物を買うか悩みましたが、こちらにして良かったです。まずｺﾝﾊﾟｸﾄで軽い。ﾊﾟﾜﾌﾙで倍ぐらいの速度で乾く。髪もｻﾗｻﾗになる。ﾃﾞｻﾞｲﾝも上部がﾀﾞｲﾔﾓﾝﾄﾞｶｯﾄの様なおしゃれなﾃﾞｻﾞｲﾝで高級感がある。やっぱりPanasonicは良いですね。ただ、使いはじめに病院のような臭いが気に入りましたが…。
5.00,nothing,nothing,20年ぶりに買い換えました。金額の高い上位機種と悩みましたが、このクラスでも全然問題ありません。大満足です。
4.00,nothing,nothing,風の強さ、デザインが良かった。少し音がうるさい。
4.00,30代,女性,以前のもの（海外製）より、乾くのも早くて音も静かです。本体のゴールドも可いいです。ただ冷風にはターボがきかないので、あればもっと良かったなーと思いました。
4.00,nothing,nothing,色も素敵で コンパクトでちょうど使いやすいサイズです。
3.00,nothing,nothing,音が大きいです。風は強いので、早く乾くのはよいです。
5.00,40代,女性,思っていたより小さかったですが、パワーは凄かったです。ロングの髪の私でも、すぐ乾き、とっても艶々になります。こんなに小さくても機能は凄いです。その上、デザインや色もおしゃれだし、何より安いです！！とっても良い買い物をしました。
5.00,40代,男性,毎日使っていたドライヤーが突然壊れたため購入しました。ちょっとお高めのものにするか、もっとお安いものにするか悩んだんですが、以前もパナソニックのイオニティだったので同じタイプのものを選びました。折りたたみ出来て、サイズもコンパクトで軽いです。6歳の長女も自分で持って乾かせます。音もうるさくないと思います。私は気にならないです。デザインもスッキリ素敵です！ゴールド綺麗です！！一緒に購入したものが、入荷後に発送になっていたので届くまで数日間待ちましたが入荷予定日と出荷予定日のメールがきちんときたので安心できました！入荷後の発送も早かったです。梱包も丁寧でした。おすすめです。
5.00,nothing,nothing,このお値段で 機能もよく デザインもかっこいいです
4.00,50代,女性,８年ぐらい使っていたドライヤーが壊れたので、買い替えました。皆さんの商品レビューを参考に、価格が手ごろなこちらの商品に決めました。色はゴールド調を選びました。上から見たところがゴールド調かな？。今までのよりはコンパクトですが、風量もそれなりかな、と思います。折りたたむ時にちょっと硬いような気がします。お値段からすると、まぁ満足です。
5.00,nothing,nothing,もともと使用していたドライヤの送風容量が足りないと感じたので購入しました。このドライヤーにして妻が喜んでいました。
4.00,30代,女性,有點塑膠味..風大.造型可愛..比其他實體店便宜
4.00,30代,女性,有點塑膠味..風大.造型可愛..比其他實體店便宜
5.00,nothing,nothing,商品無事届きました。早速つかってみましたがとてもよかったです。少し音が気になる方もいるかもしれませんが問題ないです。乾きも早くデザインもかわいいので満足です。
5.00,50代,女性,デザインはすっきりしていて、小ぶりながらも強力に髪を乾かすことができ毎日助かります。以前のに比べ収納にも場所をとらなくなりました。
5.00,nothing,nothing,受け取った二さん日後に、大手家電店の折り込みチラシに3900円で特価広告で出て居たのを見て、なんだかとても嬉しかったです。使い心地もよく、良い買い物をしました。ありがとうございます。
4.00,nothing,nothing,コンパクトの割りには中々風力があります!たたターボの設定だけターボの割りには…という感じでした!
4.00,nothing,nothing,色々悩んだ末にこの商品を購入しました。パナソニック製ということとコンパクトが良いと思い決めました。使ってみて、コンパクトなのにパワーもあって、これに決めてよかったです。
5.00,30代,男性,注文した翌日に届きました。コンパクトで、パワーもあって使いやすいです。
3.00,nothing,nothing,価格がもう少し安かったら良かったと思います
5.00,nothing,nothing,今まで使っていたものが焦げ臭くなってきたので新しい物を購入しました。お値段的に手ごろで、パワーもあってよかったです。
3.00,nothing,nothing,小さいのに意外とパワフルです。ただ冷風が全然パワーがないのが残念でした。
3.00,nothing,nothing,coldの風が弱い裏の面の吸い込みが強く、気をつけないと髪の毛持って行かれる色や形は高級感あっていいです。マイナスイオンはよくわかりません。
4.00,30代,女性,長めのロングヘアーも割りと早く乾くので良かった。ただ思っていたよりちょっと重たい。
4.00,nothing,nothing,すぐ届きました。ﾄﾞﾗｲﾔｰって突然壊れてしまうので、すぐ届くとありがたいです。冷風の馬力が不足ですが、温風は大丈夫です。セミロングですが5分もかからず乾きます。イオンは効いているのか不明です・・・。
2.00,nothing,nothing,デザインや色、値段は問題なし。だが、冷風の風が弱くて残念。前使っていたのは冷風でもターボがついていたので。夏の暑い時は、ターボ冷風で乾かしたかった！！
5.00,30代,男性,安いのパワフル気に入ってます音は大きいです
4.00,nothing,nothing,すっごく早く届いてビックリ。早速使ってみましたが、コンパクトで音もまあさほど気にならずいい感じでした。マイナスイオンもしっかり出ています。いい買い物ができました。
5.00,nothing,nothing,値段の割りに機能は十分です。音も気になりません。
4.00,50代,男性,パナソニック製が、安く買えたので良かったです。他のレビューにもありましたが、少しうるさいかな？デザイン、シンプルで色ゴールドは気に入っている。乾燥スピード、夏だし、髪が短いのですぐ乾く、他と比べて早いかどうかはわか      らない。使いやすさ、シンプルで良いと思うが、角度が以前のものより付いているので      慣れるまでは、気になる程度静穏性、少しうるさい、安いからこんなものかスタイリング、髪短く乾かすだけなのでわからない。
4.00,30代,女性,ドライヤーが焦げ臭くなり、急いで頼みました。ロングヘアーなのでドライヤーは必須アイテムの為、すぐに届き満足です。よく後ろの通気口？から髪の毛が吸い込まれてからんだりしてましたが、吸い込まれにくいように進化してます。もともと使っていたのもイオ二ティでしたので、ほとんど同じ感じかな。形や色がかっこいいです。他の方もレビューに書いていた匂いは確かに気になりましたが、しばらく使ってると消えます。産後でなかなか見に行って買うこともできなかったので、助かりました。
4.00,30代,男性,今まで使っていたのが、調子悪く 購入・・・パナソニックだから安心して買いました 少し小さめのドライヤー、何となく安っぽいかも(涙) でも  それなりなのでOKかな~ 何となく安っぽいから星4つ  ごめんね
3.00,nothing,nothing,10年くらい使っていたドライヤーが壊れぎみだったので購入。使い勝手は普通ですね。
5.00,nothing,nothing,使用していたドライヤーが故障したので、買い替えです。風量もありいいと思います。嫁も以前のより使いやすいと言ってました。価格も手頃ですし満足しています。
3.00,60代,男性,使用中のものが壊れて慌てて探して”安心”できるものにしました。ちょっとコンパクトですが風量は十分です。速乾ノズルの効果か乾くのが早く感じます。ただ、個人的には1)セット用の弱はもう少し風圧が柔かく欲しい。2)音が大きく、甲高い音が耳触り。が気になる。
5.00,50代,女性,ドライヤーが壊れずっとくるくるの先を外して乾かしていました。渇きも悪く髪の傷みがひどく、思い切って購入しました。ゴールドというよりブロンズ。ホワイトにしようか悩んだのですが、落ちついた色で気に入っています。TURBOにしてもそんなにうるさいとは思いませんよ。折り畳みの部分もしっかりしています。良い買い物をできたと満足しています。
5.00,nothing,nothing,色合いもよくかわいくてマイナスイオンがでてこの値段で安いです。風量もよくすぐ乾きます
4.00,30代,女性,【デザイン】コンパクトで持ち運びには良いかも、コードも絡まないので良い【静音性】やっぱり音が少し大きいかも…【乾燥スピード】以前使用してたのと同じくらい！！【スタイリング】以前使ってたのよりは髪の毛がしっとりしているような気がする【使いやすさ】切り替えがシンプルで使いやすいかな？【その他】マイナスイオンが出ているのかがいまいち解りにくい
4.00,nothing,nothing,全然使えます！音は結構うるさいです。ただ、冷風がかなりしょぼいので☆-1。使った感じは、前の\15,000程度のﾏｲﾅｽｲｵﾝﾄﾞﾗｲﾔｰとあまり変わらないような気がしました。
3.00,nothing,nothing,色も見たも写真通りです。小ぶりで、女性でも持ちやすい。パワーが少し足りない
5.00,50代,男性,【デザイン】ゴールド超を買いましたが、金キラキンではなく、ゴールド超の色合いなのでね品よい感じです。男女ともに抵抗なく使用できる色だと思います。【静音性】あくまでも個人差が前提ですが、サイズの割には静かだと思います。音を気にせず使用できています。【乾燥スピード】男のリーマン型の上方であれば、2分程度で乾燥できます。【スタイリング】ドライヤーなので、さほどスタイルは気にしていませんが、全体としてよく機能と見た目のバランスは整っていると思います。【使いやすさ】ドライヤーは利き手ではない方で片手で持つ機会が多いのですが、サイズの割に軽く、取っ手の大きさや全体の重量バランスもよく、扱い易いと思います。【その他】とりあえずのドライヤーとしての不満のない機能と価格が相対的に安めのお手頃で、実用的なものとしての費用対効果のバランスはよいと思います。
5.00,nothing,nothing,夫のグルーミング用に購入しました。以前使っていたものよりコンパクトサイズでパワーは同等。ブロー音も気にならない大きさ。ただボディーが小さいためか高音です(笑)価格もお値打ち。満足しています。
5.00,20代,男性,色が上品。軽いし、使い心地が好き。縮毛矯正を掛けたパサパサの男性なんで、乾かした結果は変化を感じませんが、毎日使うものだから、こういうお洒落なものがいいですよね。安いし、ほんと好き。
5.00,nothing,nothing,最安値で購入させていただきました。小さいのに大風量で満足です。
5.00,40代,女性,長く使用したイオニティが壊れ、別のメーカーのドライヤーを購入したところ、すぐに壊れました。やはりパナソニックがいいと思いこちらを購入。値段は安いのですが早く乾き何の問題もありません。音も静かな部類だと思います。
5.00,nothing,nothing,髪の毛がいつもより早く乾かせるようになりました。使用感がとてもよいです。
4.00,nothing,nothing,ドライヤーが壊れたため購入。コンパクトだけど意外とパワーはある。ただ、冷風は弱風の設定しかないのが残念。
4.00,40代,女性,同メーカーの上位機種のナノドライヤーが壊れたので、再び同レベルのものを購入するかどうか迷ったのですが、性能がいいいものほど壊れやすいのかもと思いこちらを購入。マイナス点は冷風にするとかなり風量が弱い。プラス点は軽いので乾かすときに持ってるのがラク。
3.00,nothing,nothing,マイナスイオンという文字に惹かれ購入しましたが、とても小さかったのには驚きました。音もとてもうるさいです。
5.00,40代,男性,安く購入出来大変満足してます商品もしっかりした作りです
5.00,nothing,nothing,かなり早く届きました。思った通りの商品で良かったです。
3.00,30代,男性,男です。評価点は3.5です。この値段で温風はかなり熱い風が出るのでしっかり早く乾かすことができます。欠点は冷風が弱風なのがダメですね。冷風は温風で篭った髪や頭皮の熱を吹き飛ばしたり（そうすると髪が痛みにくい）、冷風を最後に当てた方がセットの持ちもいいと美容師に聞いていてよく使うのですが、この機器だと弱風にしか出来ず熱を飛ばしづらく、セット(髪を立ち上げる）ももどかしい感じです。結構イライラします･･･。冷風は弱風でいい、熱風しか使わないという人ならかなりいいと思います。
5.00,40代,女性,急きょつぶれて 即購入 早くて 安すくて ちょ〜よかったです。
4.00,nothing,nothing,乾かした後しっとりするので買ってよかったです。
4.00,nothing,nothing,パナソニック製品なので期待してます。ただ、少し重いかな？と思います。
5.00,40代,女性,イオン効果もあって、値段も手ごろで言うことなしです。耐用年数も、なんだかんだ言っても、やっぱりこのメーカーが一番だって思います。
5.00,40代,女性,思いのほかパワーがあって良かったです。色も気に入っています。音は静かとは言えませんが、お値段的にも満足です。
4.00,40代,男性,風量も適度にあり、よかったです。音は少しうるさい部類でしょうか。スタイリングはしにくいかな。価格の割には、いい買い物だったと思います。
4.00,nothing,nothing,安くて軽くて良かったです。欲を言えば、冷風のパワーが強ければ完璧…でも使いやすくて気に入っています。
2.00,10才,満/,以前、使用していたパナのマイナスイオンドライヤーの調子が悪くなり購入。安い為、性能は劣ります｡こんなもんでしょう。送料、代引き合わせたらホームセンターのが安く売ってました。
4.00,nothing,nothing,親へのちょっとしたプレゼントで購入しました。感想を聞くと、なかなか風量ももあり、使いやすいとの事喜んでもらえました。
5.00,nothing,nothing,安価なだけに 音なども 許容範囲で これで 充分です。
5.00,40代,女性,思っていたより、コンパクトですが、軽くて使いやすいです。気に入りました。髪もしっとりします
4.00,nothing,nothing,クールが少し弱いです。が、特に問題ないので使えます。音はそれなりにうるさいです。
5.00,40代,女性,20年前のドライヤーを使ってたので これに変えてすごく早く乾くようになった気がします。
5.00,50代,女性,研修で一人暮らし中の娘に購入。いずれ帰ってくるので大きなものはいらないので、旅行に持って行ける大きさで探しました。この商品は実店舗の店員さんのお勧め商品でした。娘によると、マイナスイオン効果は不明ですが、風量がしっかりあるので大満足だそうです。
5.00,nothing,nothing,風量もしっかりしていて、満足です。冷風の風量が弱すぎるのがよくわかりませんでした。
5.00,nothing,nothing,配送早くて、助かりました。商品もとても満足してます。
4.00,30代,男性,以前使っていたドライヤーが壊れたので購入。小さい割にパワフルで取り回しも良いので気に入っています。音はちょっとうるさいかもしれません。
2.00,40代,女性,6月3日購入分のカメさんレビューです。使用してたドライヤーが調子が悪くなったので購入。今まで使用してたのも然程、高価な物じゃないですけどそれに比べても音はとにかくうるさいし同じ1200ｗとは思えない程パワーなしで乾きが悪いです。使用後は吹き出し口がとても熱くなります。イオン効果は全く感じられずパッサパサになります。唯一コンパクトなトコだけ良かったです。
3.00,nothing,nothing,意外と音が大きいです。風の出方は勢いがいいので、早く乾くような気がします。コンパクトで軽いので、お値段なりに満足しています。
5.00,30代,女性,家用のドライヤーが潰れたのであわてて探して購入しましたが失敗じゃなかったです。小さくてパワフルです。
3.00,20代,女性,今使っているものが古くなってきたせいか焦げ臭い匂いがするので新しいものに買い換えたくてこちらを購入しました。何万もするドライヤーと迷いましたが、レビューの評価が高く、値段も安かったのでこちらを購入しました。レビューには速乾と書いてありましたが、今まで使っていたものと何ら変わりありませんでした。早く乾くものが欲しかったので少しがっかりしました。でも値段の割には軽くてオシャレで良い品でした。
4.00,30代,女性,軽くてコンパクトで日常使いしやすいです。髪は肩下２０センチの長さですが、見た目以上にパワフルですぐ乾きます。以前使用していたものより小さいけど早い。気になった点としては、・ターボ、セット、コールドと３段階ですが冷風がやや弱く感じられます（セット時と同じ風量）・マイナスイオンの実感なしまた、他のコメントにもありましたが、使い始めに臭いがします。乾いた髪に臭いが残ったりはしないですが、なんなんでしょうね？気になる人は参考にしてください。
4.00,nothing,nothing,実物を見た時は白でした。検索中にこの色を発見。高級感があるかも、と注文しましたが、年寄り感も否めないみたいでした。
5.00,40代,女性,持っていた10年以上前の旧型ｲｵﾆﾃｨがｽﾊﾟｰｸ。乾かすだけなのでコレで十分！しかもこんなに安いし、色もおされ。大満足。
4.00,30代,男性,安かったので購入しましたが、もうちょっと馬力があれば星5つだったかな？
4.00,40代,女性,冷風もターボ並みのパワーだと更に良いけれど、早く乾かすことができ、色もキレイで満足しています。
3.00,nothing,nothing,以前無名メーカーの購入したら1年たたずに火をふいて壊れました。。やはり安心できるメーカーのものを購入したほうがいいと思い選びました。コンパクトなわりにパワーあります。
3.00,nothing,nothing,ゴールドです。かっこいいです。機能は並みです。安いからね。音は大きいです。今まで使用していたパナソニックの安物と変わりないです
4.00,nothing,nothing,小さくて、使ってて疲れないです。音も、静かでよかったです。注文して、次の日に届いたので助かりました。
5.00,40代,女性,軽くて持ちやすいです。ちょっと音がうるさいかなと思うけど以前使っていた物より早く乾くので気になりません。乾いた後は髪がサラサラになります。安いし配送も早いし買ってよかったです。
5.00,nothing,nothing,使用中の物が火花が飛ぶような感じでしたので注文しました。軽くて使いやすい。パワーもあります。
5.00,nothing,nothing,とてもなめらかな風でいて、しっかり乾きます。これはよい買い物でした！
4.00,50代,男性,音がとっても静かそれでいて直に乾きます。以前のものより半分の時間で済みます。
5.00,30代,男性,Nationalの頃のイオニティからの買い替えです。パワーもあり非常に使いやすいです。
4.00,40代,男性,イオン機能付きで2263円は安いです。使用感は、普通でイオン効果は使い始めのため不明。風量は十分・音も普通。予備として同時購入した下位グレードEH-NE13よりも高級感あり。
4.00,nothing,nothing,新車のような臭いがありますが時期にとれます．もっと風量の多いものを使用していたので少し風量が少ないかなと感じました．それでも母がもともと使っていたドライヤーよりも遥かに風量が多いので喜ばれました．
5.00,nothing,nothing,配送も早くてビックリしました！風力もあり、早い時間で乾きましたぁ♪♪
5.00,50代,女性,使っていたドライヤーが壊れたので購入しました。ロングの私には少し物足りないのではと思いましたが、大丈夫でした。（個人差があると思いますが）良い買い物が出来たと思います。
5.00,30代,女性,７年愛用していたドライヤーが壊れ気味だったのでやすくでレビューが良さそうなこちらを探しあてて購入しました。マイナスイオンは…正直よくわかりません。威力や音は今までのものと変わりなく使いやすいです。色が気に入りました。
5.00,nothing,nothing,今まで古いドライヤーを使ってましたが、乾くのに時間がかかる為購入(^O^)乾かすのにかかる時間が大分短縮されました(^O^)
5.00,20代,女性,風力が強くてよかったです。しっかりした作りでこわれなさそうです。ありがとうございました！
5.00,40代,女性,とても丁寧な包装でした。初期の頃のドライヤーをもっていましたがとうとう壊れたので、購入しました。とても軽くて使いやすかったです。値段もとても安くビックリしました。閉じる時に少し硬いのが気になりますが、この値段とデザイン99％満足しています。
3.00,20代,女性,ドライヤーが壊れてしまい購入しました＾＾風の強さも良い感じで家族で使用してます。
5.00,nothing,nothing,５年ぐらい使用してたドライヤーが壊れたので、同じような形で探してたらココにたどり着きました。 髪のまとまりが出てきた気がします。
4.00,30代,男性,コンパクトですがパワーがあり、デザインも満足しています。ただ、音が安っぽい。イオンドライヤーと言っても無に等しい。この値段で高望みは無理ですね…
5.00,nothing,nothing,他の人のレビューを参考に購入しました。おしゃれで可愛いいドライヤーで 満足してます。
4.00,40代,男性,プレゼントとしては、安くて申し訳ないぐらいに思っていたのですが、喜んでもらえてます。この価格帯としては、おしゃれだし、バランスよいドライヤーだと思います。
5.00,nothing,nothing,ドライヤーはあまり使わなかったのですが、生乾きは髪が傷むようなので購入しました。この価格でとてもよい買い物をしたと思います！
4.00,30代,女性,6年使ったドライヤーが壊れたので急きょ購入。シンプルで使いやすいです、ただ冷風にすると風力が落ちるのが不満ですね。コンパクトで価格共に大満足♪
4.00,nothing,nothing,プレゼント用に購入しました。普通に使って頂けているみたいでよかったです。
4.00,nothing,nothing,元のドライヤーの温度が高く髪の毛が痛んでしまい、買い換えました。レビュー通り適度な水分があるかんじだし、ツヤツヤになりました。ただ、思ったより温度が高く、乾かしている手が熱くて残念です。でも不思議と髪の毛は平気のようです。風量はいいかんじで乾くのが早いです。国産メーカーだと安くても安心できますね。
5.00,nothing,nothing,風量も音の大きさも問題なくとても良い商品を安く購入できました。
2.00,30代,男性,テスコムの1200ｗドライヤーを使っていたけどターボのスイッチを押してもターボにならないので多毛の私には困ったことになりこちらを購入しました。同じ1200ｗなのにこちらのターボはかなり風量が弱いです。初期不良か？と思うくらい・・・・。（テスコムのターボなし風量と比べたらまったく同じ）風量重視だったので買い換えた意味がなく後悔。デザインと折りたためるコンパクトさは気に入りました。あとイオン送風口から吹き出る風がかなり微風で意味あるのかな？と疑問に思った。
3.00,30代,男性,購入しました、買ってから気づきました髪の毛が少なくなってる事に、、果たして使ってくれてるのかは謎ですが喜んでくれてました。今度は自分たち用に購入したいです
5.00,30代,女性,家族に頼まれ購入しました。手を痛めてるので軽めの物の中から選びました。使用感は、１０年位前に購入したイオニティ１万位の物と、５年前位に購入した同じくイオニティ４０００円位の比較になります。あまりパワーはありませんが（１万のと比較すると、です）、家族も私もそこは大して求めていないので気にしていません。マイナスイオン度（？）は、ほとんど差を感じませんでした。一番大きく違ったのが音で。比較する物がどちらも古いので当たり前かもしれませんが、音がかなり静かです。このパワーなりの音はするんだと思いますが、なにせ使ってたドライヤーが古いのでｗこんなに安く買えるなら、壊れてないけどドライヤー買い替えようかと思ってしまいました。。色も滅多にない感じで高級感があり気に入ってます。＾＾
4.00,nothing,nothing,突然火花が散って使えなくなったので、探していてｺﾁﾗに辿り着きました。ﾃﾞｻﾞｲﾝは素敵。持ち手の折り畳みがかたくてﾁｮｯﾄ大変。ﾛﾝｸﾞですがﾀｰﾎﾞ&ｾｯﾄの風量は満足。coolはもう少し風量が欲しいです。あまり涼しくない。お昼に届いたので試しに乾いた髪をﾌﾞﾛｳしてみたら、ｲｵﾝ効果でｻﾗｻﾗまとまり髪に♪今まで使用していたﾓﾉよりも少し重たいので、ﾛﾝｸﾞだしはじめは腕が疲れそう。拘りのない人はｺﾚで十分だと思います。
4.00,40代,男性,昨年、量販店でのセールで購入した余り聞いた事の無いメーカーのドライヤー（妻・子供用）が壊れてしまった為、購入しました。私用の物は古い「イオニティ」で使い易く、長持ちしているし、この価格なら「買い！」と、購入しました。パワーは問題無く乾燥速度も速いです。パワーが上がっている分、音もパワーアップしているかも？少し大きい気がしますが問題無いレベルと思います。コンパクトでコードも長目なので子供の髪を乾かす時は今迄の物より楽です。他の方のレビューにも有りましたが「臭い」が気になります。これは何の臭いなのでしょうね？ゴム臭みたいな臭いの風が出て来ます。私の髪は長くない為、短時間で乾くので良いですが、妻と子供は長い為、乾かす時間が多少は掛かる為、この臭いを敬遠しています。かくして、この新品は私の物に、旧型のイオニティは妻と子供の物になりました。（臭いが出なくなったらどうなるか判りませんが・・・。）臭いに敏感な人にはオススメ出来ませんが、コスパは相当高いです。
5.00,30代,女性,コンパクトサイズなので正直、期待してなかったのですが、すぐ乾きます！！今まで使ってたのはもう少し大きめのものでしたが、それより早く、5分くらいで私の肩までの髪は乾きます。びっくりです！最初はイオンの送風口が若干、変な匂いしましたが、今はなくなりました。艶などの効果はわかりませんが、髪がまとまりやすくなったようで、嬉しいです。
3.00,nothing,nothing,とても、使いやすくいい商品だったとおもいます！
5.00,40代,男性,ありがとうございました。とても良い買い物ができました。
4.00,nothing,nothing,色がいい感じでした。梱包もしっかりしてて親切だなあとおもいました。
3.00,10才,満/,お手頃価格で購入できて満足していますが、使用時のプラスチックの独特のにおい（イオンのにおいかな？）が少し気になります。
5.00,30代,女性,いままで、ドライヤーを買ってもそんなに違いを感じたことはありませんでしたが、これは、お値打ちなのに髪がさらさらになりました。
5.00,40代,女性,今使ってるドライヤーが壊れそうなので、購入しました。まだ使ってないのですが、動作確認しましたら風が強くて良かったです。
5.00,nothing,nothing,使いやすし、風量も適度にあり、満足しています。髪に負担がかかってる感じはないです。この商品を購入してよかったと思っています。
2.00,nothing,nothing,デザインは良いですが、使用していると購入時から本体がやたらと熱くなるなぁ…と思っていました。ごく普通に使用していたはずですが、今日緑色の火花のようなものが使用時に出た為、使用をやめました。欠陥商品だったのか…。
5.00,nothing,nothing,とても良い商品でしたありがとうございました
5.00,30代,女性,これの古いタイプを使っていたら焦げ臭い匂いがするようになったので、新しいものを。使い勝手もいいし、コンパクトになるし、何より風量もちゃんとあるのですぐに髪が乾いて助かります。
5.00,30代,男性,デザインや風力、髪のしっとり感に満足しています。実はもっと風力があるほうがいいなと思っていましたが、実際の家庭だけでの使い勝手を考えると十分だと思います。重さも気にならない程度です。音も静かな方だと思います。全体的に気に入っています。
5.00,40代,女性,national時代のイオニティをずっと使っていたのですが、壊れてしまったので買い替えです。小型になって持ちやすく、風量もしっかりあるので使いやすいです。
5.00,nothing,nothing,音が静かで、風量が少ないから乾きにくいかもと思いながら使い始めましたが、すぐ乾きました。本体も軽くて良かったです。
5.00,20代,男性,安くてよかったです。家電屋より1000オフでした。またリピートしたいです。
5.00,nothing,nothing,【デザイン】なかなかいい【静音性】ちょっと気になる【乾燥スピード】問題なし【スタイリング】しない【使いやすさ】軽くていい【その他】特になし
5.00,nothing,nothing,ドライヤーが壊れてしまい購入。大きめのわりには軽く、パワーもあるので乾きやすい。
5.00,30代,男性,携帯用にとこちらの商品を購入しましたが、サイズはコンパクトで収納しやすいですし、パワーも申し分ありません。この価格でこの性能申し分ありません
4.00,40代,女性,軽くて使いやすいようです。お値段的にも満足です。
4.00,50代,男性,シンプルで使いやすく、また価格も安いので気にいっています
5.00,40代,女性,１０年ぶりにドライヤーを新しくしました。やっぱり新品は違いますね。パワーがあって、乾燥が速いので大満足です。軽いので、とても使いやすいです。
5.00,nothing,nothing,スムーズなお取引をありがとうございます☆
4.00,nothing,nothing,古ドライヤーを使っていた妻へ、母の日にプレゼントしました、コンパクトでも以前のより、早くセット出来ると喜んでます。小学生の娘と使ってます。
4.00,30代,女性,今までこのワンランクパワーが上のものを使用しておりましたが（5年くらい）とうとう壊れてしまったので購入いたしました。色は大人っぽくて上品な感じです。安さで決めましたが、風量もあるし軽いし満足です。ショートカットなのですぐ乾きました（髪の長い女性はもっと風量があるといい思います）お子様、男性、ショートカットの女性向きかな〜。
5.00,nothing,nothing,送料入れても近所の量販店より安い。初めてイオンを使ってみたがツルツルする。メイドイン タイランドなのもいいですね。
3.00,nothing,nothing,前は日立製を使っていましたが、熱風が出なくなったのでこれに変えてみました。前の物より小さく軽いので持ちやすいのですが、サラサラ感は少ないです。
5.00,40代,女性,音も静かで、髪もさらさらになりました。友達に貸してもらい、自分も購入しました。
3.00,nothing,nothing,色・デザインは申し分は有りませんが、以前使っているものより音がうるさいです。
5.00,nothing,nothing,今まで使っていたナノケアが壊れて、資金不足のため、イオニティに降格・・で購入です。しかし、軽いし、よく乾くし、静電気も起きず、よかったです。やっぱりパナソニック系のビューティー家電は信頼できます。即届けてくれたし、文句無し！軽いし、旅行やスパなどに連れていくのにもいいですね。ナノケアが欲しいですけど、それまではこちらで大丈夫そうです。
5.00,40代,男性,ナノイー付きにしては小さく、軽くて、デザインもよく大変気に入ってます。色も珍しいゴールドというかブラウン色で気に入り購入しました。
5.00,nothing,nothing,パナソニックの製品はいつも購入させて頂いてます。ドライヤーが安く購入できて満足してます。(^^)
5.00,40代,男性,古いBRAUNのドライヤーから異臭がしたので買い替えました。お値段にビックリ！商品が届いて、さらにビックリ！この値段で、この質は、素晴らしいです。さすが、パナソニック！
5.00,30代,女性,五年前に購入したイオンドライヤーから火花が出るようになり、買い換えました。低価格なのに同じ1200vでコンパクトで軽く、髪もつやつやします。重くて髪を乾かすのを嫌がっていた娘（小2）も、積極的に乾かすようになりました。
5.00,30代,女性,小型ですがパワーは充分で、ロングヘアですが乾くのが早いです。音も気になるほどではありません。他の方が言ってるような持続するサラサラ感はまだないんですが(痛み過ぎているので)、乾かし終えた後は以前使ってたドライヤーと違い広がりません。購入してよかったです。受注番号270903-20130507-0255794318
5.00,40代,男性,大きくもなく、小さくもなく、重くもなく、安っぽくもなく、値段も手ごろ。普段使いには申し分ないと思います。
5.00,30代,男性,普段使用しているヘアアイロンと同じシリーズであり、使っていたドライヤーの調子が悪い為購入しました。まず安いのがいいですね。使用感も特に問題はありません。
4.00,30代,男性,パナソニックのマイナスイオンドライヤーがこの価格で買えて満足。風量はターボにすれば強力ですが、普通のホットにすれば弱く、中間が欲しいですね。音は高音ですが特別うるさくもありません。何と言ってもコンパクトで軽いのがよいです。
5.00,nothing,nothing,結婚してから９年間、同じパナのイオニティを使っていましたが壊れてしまったので買い替えです。風量、音、堅牢性も向上していてお値段も安くなっていて、良い買物ができました。
5.00,40代,女性,突然、壊れて、どうしようと思い、パッと目についたのはデザインと色でした。使い方もシンプルでコンパクト、軽量、いうことなしでした。
3.00,50代,男性,今まで使用していた他社のマイナスイオンドライヤーより、すべてのスペックが落ちる。期待外れ。価格が安いランクの機種なので、やはり１万円ぐらいの機種を購入すべきでした。
5.00,nothing,nothing,サイズはわりとコンパクトなのに、風量も問題ないし、さらさらになる。ちょうど気に入って使用していたものが壊れたので買いましたが、安価なのに性能はバッチリだ！
5.00,nothing,nothing,イオン発生タイプのドライヤーが壊れ、安いのを探してました。4分の1の値段で良い買い物ができました。若干コンパクトですが必要十分です。
4.00,nothing,nothing,ちょっと音はうるさいですが、パナのドライヤーがこの値段なら十分ですよね。
4.00,nothing,nothing,急ぎで欲しかったので、注文翌日に到着しとても助かりました♪値段が値段なだけに、大きな期待を寄せず！とりあえず髪を乾かせれば良いかと･･･購入したので十分です(*^^)v音はあんなものかなぁ〜、マイナスイオン効果は余り感じないけど、可もなく不可もなく、お値段を考えたらデザインも上品で悪くないかと。高機能を求める若いお嬢さん方にはかなり物足りないものかと･･･。
5.00,40代,男性,イオンがきいているかどうかは定かではありませんがコスパはピカ一です。
4.00,nothing,nothing,今までのマイナスイオンドライヤーがすごく重たかったので軽くなって楽チンです。その分なんとなく馬力が弱くなったような気がして乾かすのに前寄り時間掛かる気がします。
5.00,20代,女性,２５００円くらいのドライヤーを探していたところこの商品を見つけました。デザインもコンパクトで気に入っています。
4.00,nothing,nothing,風量は割とあり、満足です。少しうるさいかな？
5.00,nothing,nothing,気になっていた音もそれ程でもなく、大きさもコンパクトで使いやすい。色も気にいりました。
5.00,nothing,nothing,ドライヤーなしの生活をしていたのですが、寒さに耐えられず購入。パワーもありますし、髪もバサバサならず気に入っています。何しろ安い！！
5.00,30代,女性,コンパクトで高級感あり、軽く使えて、お勧め！
4.00,30代,男性,普通のドライヤーを手ごろな価格で購入したかったので正解です。音もそんなにうるさくないですし、重さもそこそこです。前のやつが壊れたのである程度パワーのあるやつと思って購入。パナでこの価格なら問題ないと思います。
5.00,50代,女性,近所の電気屋よりずっと安いです。一人暮らしを始める娘に購入。ゴールドの色合いが高級感があり、娘にも気に入ってもらえました。
4.00,nothing,nothing,パナソニックの商品だし、値段も手頃なので購入しましたが、性能も使いやすさもばっちりです。これにして良かったと思っています。
4.00,nothing,nothing,子供用に購入。見た目も使いがっても、いいそうです。
5.00,30代,女性,今 使っている他社のものより  コンパクトです届いた時の第一印象は 今使っているものより小さく 失敗したかも  と思いましたが  使ってみるとパワーが十分ありました色も好きな色で 買って良かったです！！
4.00,20代,女性,量販店で2000円で売っているのを発見(;_;)(;_;)(;_;)結構悲しいものですね(笑商品自体はとても軽いので長時間ドライヤーをかけていても腕が疲れなさそうです。見た目も、ボディが落ち着いたゴールドで気にいってます。panaさんの美容家電は性能はもちろん、デザインや色づかいも凝っていて、ついつい選んでしまいます。
4.00,nothing,nothing,購入した時は現価格よりも、近所の量販店よりも安く購入できました。軽いのでとても使い勝手が良く、ゴールド調のカラーもお気に入りです。ただあまりイオン効果は期待できないです。
4.00,50代,女性,大きさが丁度良く、軽くて使いやすいです。デザインも色もスタイリッシュですし、飽きが来ない感じです。髪に良いかどうかはあまりわかりません。悪くはないと思います。
5.00,40代,女性,毛は多めでくせ毛です。1代目２００１年製 ionity と比べて凄く軽いので使いやすかったです。音は少し静かに感じましたが、風量が物足りなく感じました。その割には乾かす時間は変わらなかった気がします。うれしかった事は、乾かした後のブローで髪の毛が絡まなかった事。仕上がりは、ツヤツヤしっとりで気に入ってます。
5.00,40代,男性,必要にして十分な機能があります。何万もする高吸ドライヤーは自分には必要無いのでこれで十分。音は少しうるさいですが、使った後に髪がサラサラになるのが良いですね。
4.00,30代,男性,デザインが良くコンパクトで気に入ってます。ドライヤー性能の違いを実感するとか、そんなことはありませんが普通に乾かしてくれてお勧めします。
5.00,20代,女性,ドライヤーが冷風しか出なくなり、色々見てこちらを購入しました！やっぱり大手のメーカーですし、すぐ壊れたりする心配がないし、お手頃価格が嬉しいです！メーカーの保証書もちゃんと入っていて、一年間は安心ですし！また機会があれば、利用したいです。
4.00,50代,男性,イオンドライヤーがこの価格で 風量もターボ付きなので短時間で乾きました重くもなくいい感じです。
4.00,50代,男性,子供の一人暮らし用に購入しました。安価で使いやすくて満足です。
4.00,40代,女性,家でつかっているドライヤーが古くなったため、商品レビューのよかったこちらを購入。まだ初動テスト感覚でしか使っていませんが、使用感はいいです。マイナスイオンはナノケアほどは感じません。
5.00,nothing,nothing,お手頃な価格のドライヤーを探していました。メーカーも信頼しているメーカーのものなので、満足。
5.00,20代,男性,風量、騒音、性能、どれも満足しています。
3.00,30代,男性,価格通りで問題ないです。もっと安くても良い。結局送料がかかるし。
4.00,nothing,nothing,発送はやい!腰までの長さはやっぱりなかなか乾かない(-_-;)
5.00,20代,男性,この値段で満足できる品です。もう少しパワーが欲しいかな。
4.00,40代,女性,動作音の周波数が高い感じで、個人的にはもう少し動作音が低いほうが好きですが、機能としてはこのお値段で十分です。
5.00,40代,女性,８年前製造のイオニティを使用していましたが、ホコリが溜まり焦げ臭い匂いがしてきたので買い替えました。以前のモノに比べると、小型軽量化されています。風量は多く、私の量の多い髪の毛もすぐに乾きました♪値段も安いし、文句無しですヾ(＠^∇^＠)ノ
4.00,30代,男性,色合いも落ち着いていて機能もいい感じです！
4.00,70代,上/,軽くまた小型で使いやすく重宝しております、
5.00,nothing,nothing,【デザイン】◎【静音性】△【乾燥スピード】○【スタイリング】○【使いやすさ】◎【その他】デザイン等とくに問題はなかったのですが、やはり音が少し気になりました。が、お得なお値段で購入できて良かったです。
3.00,nothing,nothing,思ったより、パワーが弱いみたいです。前に使っていたものとパワーが違います。
5.00,20代,男性,到着しました。思った通りの商品で満足です
5.00,30代,女性,まえのイオニティから焦げ臭い匂いがしてきたので買い換えました。髪の毛がしっとりまとまってよかったです。色も好きですね☆
4.00,nothing,nothing,高性能を求めていたわけではないので、このお値段で軽いので使いやすいし、購入してよかったです！
5.00,nothing,nothing,小さいけど結構パワフルなので使えます。手ごろな値段なのでがんがんつかえそう。
4.00,40代,女性,長らく愛用していたイオニティが壊れたので購入しました。 以前のものより小さいのでパワーは落ちますが、全く問題ありませんでした。 新品特有の臭いは気になりましたが、それもしばらく使えばなくなるので購入して良かったです。
5.00,40代,女性,すぐ届きましたし、ドライヤーのにおいが、髪の毛によさそうなにおいがするのがいいな、と思いました。イオンって感じで★
5.00,nothing,nothing,とても素敵な商品で即納して頂き、大満足なお買い物でした。
5.00,nothing,nothing,ドライヤーが、壊れてしまい。慌てて購入。コンパクトですが、しっかり乾きます。到着も早くて助かりました。
4.00,40代,女性,以前使っていたドライヤーはマイナスイオンドライヤーででかかったのですが、あまりまとまらなかったのですが、こちらのナノイーを使ってみたらとてもまとまりが良くなり、さすがにびっくりしました。型の違うものだと今でも家電屋さんで￥11800ほどしています。とてもコンパクトで1200ｗでも十分満足しました。美容院に行くと縮毛矯正をすすめられますが、そこまでしなくても大丈夫な気になります。あまり安くても不安な気もしましたが、購入して良かったです。ナノイーって目にはみえなくても、いっぱい出てる気がします。乾かして少したつと違いに感動します。
4.00,nothing,nothing,軽くてコンパクト、イオン効果を度外視しても、コスパは優れていると思います。
5.00,30代,女性,ディスカウントショップで買った安いドライヤーを使ってましたが、髪を乾かすのに時間がかかっていたので買い換えました。値段はそんなに変わらないのに、断然早く乾きます。音も静かになったし。最初からきちんとしたメーカーのものを購入していれば良かったと後悔しました。
5.00,40代,女性,【デザイン】軽くて子供でも扱いやすい【静音性】10年前の同社製より静かでした【乾燥スピード】乾燥が速いような気がします【スタイリング】扱いやすいデザインです。【使いやすさ】軽いので使いやすい【その他】
5.00,30代,女性,日本の有名メーカーの商品がこのお値段で買えて満足しています。軽さは譲れない条件でしたが、思っていた通り軽く腕が疲れることはありません。風量も文句なしで購入して良かったです。
4.00,30代,女性,トリートメントしても最近、髪にハリがないな、と悩んでいたので、試しに購入してみました。普通のリンスだけだとあまり効果は感じませんでしたが、トリートメントして、このドライヤーで乾燥させたら、つるつる、サラサラになりました！ただ、今までのドライヤーより音が高音で少しうるさいかな、と思いました。
5.00,50代,男性,【デザイン】★★★★★ゴールド系が好きなので【静音性】★★★★ 少々甲高い音です【乾燥スピード】★★★★★今まで使っていた（同じW数）のより１／４ほどの時間で乾きます！！！【スタイリング】しっとり さらっと つるつるに乾くのでスタイリングもしやすいと思いますドライヤーってすごいW数なので、毎日、大人数で長時間使うとけっこうな電気代だと思いますが、こちらはホントに短時間で乾くので、電気代節約にも、また耐久性もアップするのではないかと思います。お勧め＾＾
5.00,30代,女性,今まで使ってたのが、火を吹くようになり、大変危険なドライヤーと化してたので、早急に欲しかったからネットって便利ですね〜。す〜〜〜〜〜〜ぐ届きましたよ！使い心地はいいです。軽いし、風力もそこそこありますし、何より安く買えたのが嬉しいですね！満足満足&#9836;
5.00,30代,女性,まだ使用してませんが、今までも同じものを使っていたので、問題はないと思います。
3.00,40代,女性,小さいです。旅行用には、良いコンパクトサイズです。ロングヘアの方は、乾くのに時間がかかります。使い始めは、電化製品特有の強烈なにおいがします。安いので、それなりです。注文してすぐに届いたので、とても助かりました。
3.00,nothing,nothing,コンパクトで軽く持ちやすく使うのが楽しみです。
4.00,nothing,nothing,デザインやイメージは写真にほぼ近い。静音性はまあ普通。セミロングが早く乾かせました。お値段相応でオススメです。
5.00,40代,男性,値段のわりに 早く乾くので良かったです。コンパクトで軽量なのでとても使い勝手が良いです。
5.00,nothing,nothing,トータル的に良い商品だと思います。この製品で、この安さは、お買い得です。
5.00,nothing,nothing,使っていたドライヤーが壊れ探していたらこのドライヤーが見つかりました。デザインも良いし、使い勝手もあり満足しております。
5.00,nothing,nothing,非常に満足しました。値段の割には良い品だと思います。
4.00,nothing,nothing,この御値段にしては良い商品だと思います！ただ乾くのがあまり早くないのでマイナス1にしました。でも髪は少しサラサラしてる感じになります。
5.00,30代,女性,【デザイン】高級感あり【静音性】普通のドライヤーと同じ【乾燥スピード】コンパクトなのに良く乾燥できます【スタイリング】ハンドルが折れるので収納に便利です【使いやすさ】軽いので腕が疲れないです【その他】
5.00,nothing,nothing,１０年前のイオニティのドライヤーが折れてしまい、買い換えました。以前のより小さく、軽くなっていますが、パワーは充分です。高価なドライヤーもありますが、これで満足です。
3.00,nothing,nothing,以前よりイオニティのシリーズを使用しています。買い換えようと思い、値段も安いのでこちらにしました。デザインや色合いはとても良く、女性向な感じです。ただ使用していると本体が熱くなってしまい、大丈夫なのかと心配になりました。６年前に購入したものは、そんな事はなかったのですが、価格相応かもしれません。
5.00,40代,男性,【デザイン】シンプルで良いです。【静音性】特に気になりません。【乾燥スピード】満足です。【スタイリング】満足です。【使いやすさ】満足です。【その他】
5.00,nothing,nothing,安くて高性能でパナソニックなので安心して購入ました
5.00,50代,女性,色は思っていたよりも上品な落ち着いたゴールドです。音も気になるほど大きくないし、気に入っています。
4.00,nothing,nothing,特に可もなく不可もないといった感じ。しかし、価格は安いのでほぼ満足しています。
4.00,40代,女性,今まで使っていたドライヤーが壊れてしまったのでこちらを購入。かなりお手頃価格だったので過度な期待はしてませんでしたが、使ってみたらそんなに悪くないですね。すっごくいい！ってこともないですが・・・。色が気に入ってます。
5.00,30代,女性,もともとピンクが好きなのですが、ゴールド調に惹かれて購入。大満足です♪いつもボサボサになってた６歳の娘の髪がサラサラでびっくりです！後ろからの吸引がすごくて、髪が巻き込まれてしまいました(笑)その分、速乾です！
5.00,40代,男性,プレゼントに購入しましたが、とても良いそうです。以前は韓国メーカー製を使っていたようですが、イオンの効果も体感できると喜んでいました。
5.00,20代,女性,【デザイン】茶色好きなので、かっこいいです。【静音性】いままで安いしか使ったことないので、特に気になりません。【乾燥スピード】腰から15cmくらいのロングヘアでも10分ほどくらいで乾きます（Turbo使用の場合）【使いやすさ】イオン付きのヤツ初めてなので分かりませんが、難しいことなく誰でも使えます。【その他】今まで1000円の物しか使ったことなく、先週髪の毛が巻き込まれて焼けたので、怖くて新しいヘヤードライヤー探しました。高いのを使ったことないですが、この値段でかなり良い商品と思います、女性でも重さは気にせず使えます。そしてドライヤーの製造上に髪の毛が巻き込むできないとなってますので、これから安心使えます。
4.00,nothing,nothing,15年ほど使っていた、日立のドライヤー（香港製）がダメになったので、買い替えです。軽くて使い勝手良さそうです。ただ、グリップを折りたたむ部分が固い。タイ製でした。
5.00,40代,男性,ドライヤーから焦げ臭い臭いがしてきたので、これを購入しました。シャンパンゴールドの色合いもよく、デザインもいいですね。とてもコンパクトですが、ヘッド部分がどデカイ割にバランスがよくて使いやすいです。ナノイーと比較しましたが、妻の「高すぎる！」という鶴の一声でこちらに決定。いざ使ってみると、娘が髪がツヤツヤでさらさらになると喜んでいます。娘はややくせっ毛で量も多めなので、朝になるとバサバサに髪が広がっていました。でも、ある程度自然乾燥させてからこれで乾かすと、まとまりが良くなったそうでとても満足しています。
2.00,nothing,nothing,マイナスイオン発生時に臭いがありますが、人体に影響はありません。と記されていました。かなり臭いあります。嫌な臭いです。我慢できるので何度か使用しましたが、出番は少なそうです。レビューが良かったので購入しましたが、私には不必要だったようです。残念。
5.00,60代,女性,マイナスイオンのドライヤーなのにこんなに安くて良いの？って感じ。買って良かったです。購入してすぐ届いたのでびっくりしてしましました。
5.00,30代,女性,古い壊れかけのドライヤーを使用している母への誕生日プレゼントとして購入。私ははナノケアを使用しているのですが、520ｇ位で重みがあるので、小柄でやせている母には少しでも軽い方がいいかなーと思いこちらに決めました（レビューも良かったので）。店頭でも見ましたがデザインお大きさもいい感じでした。音は普通でしたー。自分は使用していないのですが、母は使いやすく、髪が乾くのが早いと言っていました☆
5.00,50代,男性,小型軽量なので、取り回しが楽です風量は少ないかな〜って感じがしますが、逆に、うちにある大きなドライヤーと比べて、早く乾きます。
4.00,20代,女性,お取り寄せの為、品物届くのが少し遅かったけど品物は全く問題ありませんでした。本体の情報が沢山書いてあったので予想していた感じと同じでした。威力や暖かさはﾛﾝｸﾞﾍｱｰの私でも文句なしです。ただ、音が少し高くうるさいな〜って思いますが慣れれば平気だろうなというぐらいでした。なにより、重量が非常に軽いため乾かす時間が長い私にとって助かりました。この値段なら満足です。外観でいうと持ち手のところがﾎﾞﾃﾞｨｰと違い塗料が塗っていないので若干安っぽい感じがします。
5.00,40代,女性,使っていたドライヤーが壊れたので買い替えました。色も落ち着いた色で、使用感も普通に良いです。何より近所のDSよりもお安く購入出来たのが良かったです。
5.00,30代,男性,同機種の色違いと迷いましたがこちらを購入。正解でした。オジさん臭い色かも…と届くまで不安でしたが、シックな色合いが上品で大人な感じがして、周りの家具などとも調和しやすいのでとても気に入っています。音は特別静かではないですが気にならない程度。髪の乾きは特別早くも遅くもない普通だと思います。ロングヘアの妻もこれくらいのパワーがあるならばと満足しています。非常に良い買い物だったと思います。
5.00,nothing,nothing,非常にいい買い物しました。また利用します。
4.00,50代,男性,【デザイン】とてもよい【静音性】普通かな？【乾燥スピード】普通【スタイリング】普通【使いやすさ】軽くて持ちやすい【その他】
4.00,nothing,nothing,使いやすいです。髪はさらさらになります。
5.00,nothing,nothing,想像していたよりコンパクトで、使いやすそうです。パナソニックがこのお値段で買えて、お得でした！！しかもポイント10倍でした★私は縮毛矯正してるので、マイナスイオンは効果薄いかもしれませんが(笑←説明書に書いてありました。
5.00,nothing,nothing,ドライヤーが壊れたので急きょ購入しました。髪が多くて時間がかかっていましたが、パワーがあるので今までよりも早く乾きます。音については特に大きいとは思いませんでした。
5.00,10才,満/,安くて軽い。何と言っても乾きが早く助かります。因みに2台目です。
4.00,40代,女性,母の旅行用に購入しました。小さめで軽い物がいいとの事だったのでこれに決めました。とっても安くて、満足してます。そんなに音はうるさくないですよ。
5.00,30代,女性,家のドライヤーが壊れてしまい、前から評判の良いパナソニックのイオニティを探していて一番こちらがお安かったので購入しました。注文した翌日に届きとても助かりました☆肝心の効果ですが、とても乾くのが早い気がします☆髪も心なしかサラサラになってるような気がします☆髪の癖の部分も何となくマシなきもします。さすがイオニティ☆本当に良いお買物が出来て大満足です。
5.00,30代,男性,以前使っていたドライヤーが壊れたのでリプレイスです。この価格でも温度も風量も十分です。また壊れた時にコレが売られてたらリピートすると思います。
4.00,30代,女性,最初に使用した際、若干焦げ臭い？というような臭いがあった気もしますが、価格と機能、サイズ感を総合的に見てこんなものではないかと思います。セット、ドライ、冷風の切り替え、とマイナスイオン機能があり、風量もそれなりにありますので満足です。非常に高性能のドライヤーをお使いだった方がこれに変えると不満があるかもしれませんが、価格を考えれば十分普通に使えるドライヤーだと思います。
5.00,30代,男性,メーカーを信頼して購入しました。色も落ち着いていて気に入りました。
5.00,40代,男性,ドライヤーが壊れたので買い換えました。元々この製品の購入を決めていてやっと購入しました。五月蝿いのが欠点なだけでデザイン、パワー、全て良くて気に入っています。
5.00,40代,男性,泊まりに来る孫のために購入、重宝しています。サイズも丁度良い
3.00,nothing,nothing,今まで使用していた物と比べ、イオン効果が感じられない。コールドのターボがついていない（600Wのみ）と安いだけあってマイナス面あり。もっと良く調べ、別の商品を買えば良かった。
3.00,20代,男性,ショートヘアーです。１万円代のドライヤーを使っていた。壊れたから、これに買い替えたけど、威力はやっぱり、この小ささのほどしかなかった。男性ならこれでも大丈夫だけど、女性の髪の量なら少し物足りないはず。使用後は先端が熱くなる。これはいただけない。今時の高い商品はそんなんならんよ！！
4.00,60代,男性,イオンてのは、見えないので効果があるのかないのか本当のところはわかりません。でも女房がイオンの出るドライヤーが欲しいと言い出したので、パナソニックで一番安いのをポイントで買いました。星ひとつ少ないのは、容量がもう少しあったらなあということだけです。1万円以上のものとこのような２〜３千円のものとの違いは何なのでしょうか？これから毎日使っていったら美しい髪になるのでしょうか？ともあれ女房も満足しているようなので・・・。
4.00,nothing,nothing,旦那さんの出張用に購入。家には1台しかないので、取り合いになり、購入することに。
4.00,nothing,nothing,【デザイン】満足【静音性】普通【乾燥スピード】満足【スタイリング】普通【使いやすさ】満足【その他】デザインも素敵で、軽くて良かったです。
1.00,nothing,nothing,新品？開けたとたんガッカリ。音も騒々しいからイラッと感じる。買わなきゃよかった。
4.00,30代,女性,前に使っていたものと比べると音が大きい気がしましたが慣れてくると気にならなくなりました。手頃なお値段なのがいいですね。
4.00,nothing,nothing,安く購入できてよかったです。ドライヤーは高くてもすぐ駄目になるので(掃除もしにくい)安いものが一番です。
5.00,30代,女性,イオンの効果で乾かすだけでサラサラに！満足です。他レビューで風量が弱いってありましたが充分です。お安いし良い買い物をしました。
5.00,nothing,nothing,注文してすぐ届いたので大満足です。今 使用しているドライヤーが8年たち そろそろやばそうねので購入しました。色も派手すぎず地味すぎず 丁度良いです。デザインもスッキリしてます。ショートカットなので乾きやすいです。髪がつやつやになりました。
4.00,nothing,nothing,今まで使っていたドライヤーが壊れたので急遽購入。いろいろ見てピンキリだと思ったが、イオン効果もついてるし十分です。
4.00,20代,女性,コンパクトサイズで安いところに惹かれ購入。1200Wなので、乾くのもも早いです。メインで使っているものよりも少し音が気になるかな？という所ですが、値段との兼ね合いも考えると満足です。場所を取らないサイズなので、気に入ってます。
5.00,50代,男性,値段の割には、良いですね。見た目もカッコ良いし、そこはさすがのパナソニックです。使用した感じもまったく文句なし。これで十分！
5.00,20代,女性,安かったし、以前使っていたものよりコンパクトだし。風量も個人的には満足です。
4.00,40代,男性,音は気になりますが、軽くてコンパクトなので子供も片手で軽々と使用しています。
3.00,nothing,nothing,私が使っているドライヤーと同じものを母にプレゼント。色違いのゴールドを注文しました。安くで購入できました。
4.00,20代,女性,ドライヤーが壊れたので購入。頼んで２日で届きました。最安価で買えたので良かったです。
5.00,nothing,nothing,ずっと使っていたドライヤーから、焦げ臭い臭いがし始めたので、このドライヤーを購入しました。このお値段なので、イオンの効果はあまり期待してませんでしたが、かなりいいです！！それまで、10年前のくるくるドライヤーを使用し、乾かす時はヘッドを取っていました（笑）なので、余計効果を感じるのかも知れませんが、間違いなくイオンが出ています。髪が指通り良くサラサラになります。乾くのもとても早いです。使用して１週間。切れ毛が確実に減りました。本体はちょっと重く感じますが、乾くのが早い分、使用時間が短いので苦痛にはなりません。見た目もゴールド調で落ち着いているし、ちょっと高級っぽく見えるので気に入っています。音は大きいと言われれば大きいかな。でも、私は気になりません。何でもっと早く買わなかったのかと後悔するくらい気に入っています。
4.00,40代,女性,今まで使用してたのもイオニティ。冷風しかでなくなり。急遽、こちらのお品を注文。すぐに納品してもらう事が出来ました◎安価なのにパワーもあり☆☆☆本体のお色も落ち着いてて好きです。
4.00,nothing,nothing,特別安くなかったが、家で活躍中。利用価値大。
4.00,nothing,nothing,コンパクトです。今まで使用していた物が大きめだったのかもしれませんが、小さ目に感じます。威力はそれなりにあるので満足ですが、音のキーが高いです。「ブォー」って感じじゃなく、「ブィィ−−」です。
4.00,30代,女性,１２年以上前の当時はナショナルのマイナスイオンドライヤーを使っていたので、いいかげん新しいのに買い換えようと購入。１２年間使っていたのはたしか値段が一万円以上したので、やっぱり見た目や本体表面がしっかりして光沢があり、ちゃんとしたものでしたが今回のはさすがに２０００円台なので、本体表面が安っぽい樹脂で残念。マイナスイオンドライヤーも値下がりしたんですね〜。技術の向上はしているのかよくわからないけど今まで使っていたのとあまり変わらない気がします。まあ、この値段なのでいいかな〜という感じです。
5.00,30代,女性,熱風ではなく温風で髪に優しい感じがします。イオン効果なのか、温風効果なのかわかりませんが、髪にツヤが出てコシがある感じに仕上がります。強弱に分かれて風が吹き出すノズルで髪を吹き上げながら乾かしてくれるのが気持ちいいです。
5.00,40代,女性,風の量もいいですし、温度も適温です。見た目に落ち着いた色で気に入っています。
5.00,30代,女性,＠コスメのレビューが良かったので一番安いこちらで購入しました。翌日には届いて感激！形もコンパクトで色もシックですてきでした。
5.00,50代,女性,本体の大きさ、音、風の強さ、デザイン、全て満足しています。以前使用していたドライヤーより、マイナスイオンの量が多くて、白髪染めした髪がかなりしっとりしてきました。
5.00,nothing,nothing,いいね！！！、、、、、、、、、、、、、、、
2.00,nothing,nothing,風力がいまいち。。。重みもなく、携帯用なのかな？値段なりの商品だと思います。
5.00,40代,女性,安いドライヤーなので期待していませんでしたが、髪の毛がつやつやになりました。パナソニックの1万円以上するドライヤーよりもいい品物だと思います。
4.00,60代,男性,使いやすいです。ただ、ちょっと小さかったし、もう少し風量があると良かったです。
4.00,nothing,nothing,以前から使っていたパナソニックのマイナスイオンドライヤーの一部が欠けてしまって使いにくいので購入。５年以上前のと比べるとコンパクトでオシャレな感じです。まだ使っていないので★４つ。
3.00,nothing,nothing,【デザイン】【静音性】【乾燥スピード】【スタイリング】【使いやすさ】【その他】使用していた他社のマイナスイオンドライヤーが壊れたのでこちらを購入しました使い心地に変わりはありませんが音はこちらの方がうるさいような気がします値段的には大変満足しています
4.00,40代,女性,ひと回りほどは小さくて扱いやすいと感じました。風も問題ない量でした。色はブラウンを購入しましたが、インテリアの色にも邪魔ならないのがいいかと思いました。
2.00,20代,女性,風量が弱い気がするのと、冷風もターボ並みのパワーがほしいかった。本体に複数初期キズがあったのが納得いかない。
5.00,50代,男性,軽くて使い勝手に問題ありません。ゴールド色が綺麗です。
5.00,nothing,nothing,昨夜、髪の多い＋少しくせ毛の姪っ子の髪を乾かしてみたところ、結構まっすぐサラサラ状態に。安いので期待してませんでしたが十分満足できました！♪
5.00,nothing,nothing,家族で使うために購入。パナソニックのイオニティで、オシャレなデザインなので決めました。イオンの効果ははっきりとは分かりませんが、生え癖があってうねりやすく、はねやすい髪が、さらっとまとまりました。乾くのも早いです。音はいたって普通で、全然気になりません。大手スーパーで3980円で売られていた物が、こちらでは2580円、さらにポイントもついたのでお得なお買い物が出来ました。
5.00,40代,男性,以前使用していたのが同じイオニティだったため、今回もこの機種を選びました。使用した感じではやはり後継機種だけあってレベルアップしており、非常に満足しております。
5.00,20代,女性,すぐに届きました(^O^)／使用中のものが急に冷風しか出なくなりまして(>_<)同じｲｵﾆﾃｨの前の型を使用していたので ﾃﾞｻﾞｲﾝが似ているｺﾁﾗにしました☆ 以前のものよりｺﾝﾊﾟｸﾄになっていて使いやすそうです☆送料無料対策で単四電池もついで購入☆ ありがとうございました☆☆☆☆
3.00,nothing,nothing,効果はわかりません安かったし買って良かったです!!使用感にまったくもんだいない
3.00,30代,女性,【デザイン】悪くない【静音性】こんなものでしょう【乾燥スピード】風量の割に満足【スタイリング】イオンはよくわからず【使いやすさ】使用後の吹き出し口が熱いような【その他】実家に頻繁に帰るので、実家用に購入。セカンドなので、安くてよさげなものを。自宅のと同じ１２００ｗですが、風量が弱いので、この評価です。価格相応という感じでしょうか。
4.00,40代,女性,長年クルクルドライヤーで乾かしていて、何で早く買わなかったんだろぅ…って感じです。かなり古いクルクルドライヤーですが、一応イオンドライヤーだったからか、イオン効果はイマイチわからないかな。
5.00,20代,女性,めちゃサラサラになりました！安いし、買って良かったぁ！
4.00,40代,女性,今まで使っていたドライヤーと比べると軽くてびっくりしました。音はそれなりにしますが、髪を乾かすのに影響はありません。臭いですが、私の場合、使い始めに臭いが気になりましたが慣れれば気にならない程度でした。
4.00,50代,男性,まだ使用していませんが、大きさもデザインも気に入ってます。
5.00,40代,女性,【デザイン】パナソニックさん色にはいつもがっかりさせられますが、製品は最高です。【静音性】こんなものでしょう。これの前も同社製品で同じくらいでした。【乾燥スピード】速い。私はかなりロングですが艶やかに乾いてくれます。【スタイリング】デンマンブラシでブローしつつ乾かします。良い仕上がりです。【使いやすさ】少し私には重いです。【その他】お値段にしたら上出来です。後は色。
1.00,30代,女性,風量が少なくてびっくり！１２００Ｗでも少ないです。マイナスイオンは見えないからわかりません。
4.00,20代,女性,【デザイン】スタイリッシュでオシャレですね〜♪しかもゴールドが、気品よく魅せてくれます！【静音性】まぁ、静かなドライヤーはないですしね…(苦笑)でも私の使用してる同ブランドの１万数千円したドライヤーよりかは、静かです。【乾燥スピード】腰上くらいのロングで、完全に乾かそうと思うと、３０分くらいはかかりますね！男性だと５分も要りません！【スタイリング】彼氏んチ用に今回購入したのですが、スタイリングしやすいと彼氏の感想です。【使いやすさ】軽いですっ！！一番の決め手です。また、無駄な設計というか、ボタンも上げ下げするだけなので、誰しも使えます。【その他】実家では、同じパナソニックのスカルプケアまで出来る、（出始めに購入したので）２万円近くしましたが、大きく異なると言えば、重さとターボくらい。スカルプなどはあればあったらで使うでしょうけど、絶対にという理由は、ないかと思われます…。重さは、はるかにこちらが軽いです！髪を乾かすだけでも肩こりがひどくなる、ロングの私としては、少しターボが落ちても、この軽さは大きいですね！あとは、ターボ！早く乾かしたい人には、物足りないかもしれません…こちらを先に使ってた場合には、そう感じないかもしれませんが、同ブランドの万単位のドライヤーでは、物足りなくなると思います。ターボを重視する人には、不向きですね。でも、手頃な値段で、マイナスイオンが入っていて（目には見えないので、分かりませんが(笑)）信頼出来るブランドなので、この買いものはお買い得でしたね！彼氏も満足していました！
5.00,nothing,nothing,とても良い品物を送ってくださいました。ありがとうございました。
5.00,nothing,nothing,【デザイン】思っていたより、小さかったです。【静音性】やさしいカンジの音です。【乾燥スピード】大きさのわりに、早いです。【スタイリング】このお値段なら、十分な仕上がりです。【使いやすさ】コンパクトで、いいです。【その他】マイナスイオンの噴出し口が別にあるので「おー出てるな♪」ってカンジです。
5.00,nothing,nothing,小さいですが早く乾くと思いますただ音が若干うるさいですにおいは気になりません。
5.00,40代,女性,風水ではいいと知り、マイナスイオンが出るこの商品を購入しました。音は、静かではありませんが、乾きはとても早くて気に入っています。
4.00,30代,女性,使用していたドライヤーが壊れたので新たにこちらをご注文しました。以前使っていたものより乾きに時間がかかると思いましたがそれほどでもなく、軽いですし使いやすいです。
5.00,40代,男性,【デザイン】シンプルでGOOD【静音性】とても静か【乾燥スピード】非常に良い【スタイリング】なかなか【使いやすさ】使いやすい【その他】
4.00,40代,女性,【デザイン】想像よりはぽっちゃり【静音性】高音系で至って普通のドライヤー音【乾燥スピード】速い！！【スタイリング】かなりよし。外ハネの悩みが解消された。【使いやすさ】軽いので腕への負担は無いと思われます。【その他】結構高温なので、休み休み使わないと顔が真っ赤に。冷風の威力がもう少しあると良かったので☆-1で。でも2590円の商品とは思えないくらいのクオリティでした。買って正解でした。
4.00,nothing,nothing,5年ほど使ってたドライヤーが壊れたので変わりを探して出会いました♪値段が安い★前に使ってたドライヤーより風のパワーは強くなったけど、音が高音で大きく気になりますがあとはよかったです★
3.00,40代,女性,音がかなり大きいですが、コンパクトで髪もサラサラになりマイナスイオン効果は満足しています｡
5.00,40代,女性,10年ほど前に購入した、マイナスイオンドライヤーが壊れてしまったので、こちらを購入。マイナスイオンのオゾン臭（？）もしっかりあって、髪もしっとりまとまりやすくなりました。あと何年くらいマイナスイオン効果があるかはわかりませんが、このお値段では十分な性能です。
5.00,40代,女性,家にあったドライアーが壊れたので購入しました。使いやすいしあっという間に乾きます。色も落ち着いた色で気に入ってます。パナソニックの商品なのにこの値段。とても満足しています。[受注番号] 270903-20120906-0633214118
4.00,nothing,nothing,母に頼まれて購入しました。パワーもあり、何より軽くていいと言ってます！
4.00,30代,女性,1万円台のドライヤーと悩みましたが、デザインもよく、使い心地も悪くなく、なんと言ってもこの安さなので満足しています。
4.00,30代,女性,13時過ぎに、注文したので、翌日に届くか不安でしたか、届きました。コンパクトで、音もさほど気にならないし、この価格なら満足です。髪の毛は、ロングですが、このドライヤーで全く問題ないです。
3.00,40代,男性,軽いのでまあ、イメージ通りでしたが、かん高い送風音はちょっとうるさい感じだと思います。
4.00,nothing,nothing,北海道は寒いのでお風呂上りに髪を乾かさないと肩こりがひどくなります。そこでこれ購入、さっき試しにつけてみましたが、かなり風量があり、いい感じ。安いものと迷いましたが、信頼できるパナにしてみました。
5.00,40代,女性,商品が到着したとき「これで１２００Ｗ？」と少し疑問を抱きましたが、使えば一目瞭然！大風量ですぐ乾きました。以前使用していた物より、こころなしか音も静かだったように思います。色も落ち着いた色なので、たいへん気に入りました。
5.00,nothing,nothing,小型でも十分な風量があります。この商品で乾かした後は，髪がまとまりやすく，買ってよかったです。
4.00,40代,女性,壊れるたびに同じﾊﾟﾅｿﾆｯｸのシリーズを買ってます。パワーもあるし、色も気に入ってます。安く買えてよかったです。
4.00,40代,男性,【デザイン】よい【静音性】ドライヤーの当たり前な大きさ【乾燥スピード】見事！【スタイリング】こんなもんでしょ！【使いやすさ】気になるところはないかな．【その他】家内も娘たちにも好評！
4.00,50代,女性,スポーツジムには、備え付けのドライヤーがあるのですが、髪を乾かすのに時間がかかるので、これを購入しました。小さい割には、パワーがあり、早く乾きます。ただ、自宅で使用しているパナソニックの他の商品に比べると持ち手と本体の角度が少し使いにくい気がします。他は、満足です。
5.00,40代,女性,母のドライヤーが調子悪くなったので、軽くて早く乾きイオンがでるタイプをさがしていました。近くの電気屋さんより安く買え嬉しいです。とても使いやすいです。
5.00,30代,女性,このシリーズの古いものを使っていましたが壊れたため新しいものを購入しました。私が持っていたものよりは大きくて折りたたむときに少し硬いのか力がいります。風量や音はこんなもんかなという感じです。総合的に満足です。
5.00,nothing,nothing,使用していたドライヤー壊れて注文。すぐに来て 何よりコパクトなのにパワーあります！コスパにとても満足！
5.00,nothing,nothing,母へ贈りましたが、使いやすいと喜んでいました。
5.00,30代,女性,コンパクトで軽く、他のかたのレビューにあったように髪の乾きも早い感じがします。
3.00,nothing,nothing,デザイン良好！サイズ、Good！機能的には、ターボ機能がかなり熱い...若干、火傷しそう...
5.00,20代,男性,髪の量が多い方にはおススメだと思います。乾かすのは早いし、音も気にならない程度だと思います。
4.00,30代,女性,軽くて良いと母も喜んでくれました、ありがとうございます
5.00,nothing,nothing,今まで使ってたドライヤーと比べると、大きさがだいぶ違うので、失敗したかなぁと思いました。 使ってみたら、そんなことはありませんでした！音も気になるほど大きくなく、ﾊﾟﾜｰもあるので乾きも早かったです。今まで使ってたのもﾏｲﾅｽｲｵﾝが出るﾀｲﾌﾟだったのですが、それより髪がｻﾗｻﾗになりました。この値段でｻﾗｻﾗになるなら、大満足です！
4.00,40代,女性,【デザイン】好きです。【静音性】 まあまあ【乾燥スピード】割とはやいです【スタイリング】【使いやすさ】使いやすいです。【その他】
4.00,nothing,nothing,【デザイン】【静音性】 音は少し気になります【乾燥スピード】パワーはあり、乾かすのにも十分です【スタイリング】【使いやすさ】軽くて子供でも使いやすいです【その他】
3.00,30代,男性,【デザイン】良。【静音性】少し甲高い音が響きますが気になる程ではないです。【乾燥スピード】熱風は満足ですが冷風の威力が弱く使用不可です。扇風機をあてた方が良いです。【スタイリング】【使いやすさ】使いやすさとしては良！【その他】吹きだし口は大きいのでもう少し狭くしてみては良いかなと思いました。
5.00,nothing,nothing,使っていたものが壊れたので購入しました。安く買えて良かったです。
4.00,30代,女性,多少気になりますが 使用時間が短いので我慢できる範囲です軽いですし 乾きが早くて良いと思います
4.00,nothing,nothing,実家用と自分用に、2個買いしました。安いし。若干音がうるさい気もしますが、許容範囲内です。そして、最初の頃、なんだか変な臭いがしますね。5回くらいで気にならなくなりますが。
3.00,nothing,nothing,軽量で、スッキリしたデザイン・カラーです。飽きの来ないデザインだと思います。機能性も、普段使いなら充分です。
5.00,nothing,nothing,以前の物より小さめだったので弱いかな・・と思っていましたが、十分です。このお値段ですが、安っぽくなく機能的です。
4.00,nothing,nothing,少し風量が弱い気がします。音は高音です。軽いので使用するのは楽ですね。素早い対応で、すぐに届きましたよ。
4.00,20代,女性,ちょうどドライヤーが壊れそうで買い換えました！もう少し風量あるかと思いましたが、いざ使うとｻﾗｻﾗになります！髪のまとまりもよくなり、周囲からキレイと言われました！大満足でした
5.00,40代,女性,今まで使っていたドライヤーよりとても軽く使いやすいです。料金もとても安く満足です。
4.00,50代,男性,風邪が柔らかく熱風を感じません。な〜んとなくイオンを感じます。（気分 ^^; ）安く購入できて良かったです。
5.00,nothing,nothing,軽さもいいし。セット用のスィッチが便利です
5.00,50代,男性,丁度いい マイナスイオンドライヤーが 見つかった いろいろ比べれる 品数があり たすかりました。
4.00,nothing,nothing,届いて早速使いました。暑い時期、早く乾かないとつらいので購入しました。早く乾いてくれるので大助かりです。
4.00,40代,女性,家族の１人暮らし用に購入。使いやすいそうです。お安く購入できて満足しています。
5.00,nothing,nothing,イオン効果のためか、ドライヤー後もパサつきは少ないような感じです。いい買い物でした。
5.00,30代,女性,ロングヘアーなので髪を乾かすのにいつも苦労します。風量で選びました。毛束をほぐしながらと書いてあるようにブオーと髪がバサバサする勢いで乾かしてくれるので早く乾きます。早乾の割に髪のパサつかないので気に入っています。
4.00,40代,男性,【デザイン】避けたいですね。【静音性】甲高い音が響き渡ります。【乾燥スピード】至って普通【スタイリング】至って普通【使いやすさ】こんなもんでしょう【その他】価格なりの商品です。
4.00,30代,女性,使っていたドライヤーが壊れてしまったので購入を決めました。イオンでこの安さはお買い得だと思います。しかも１日で届いたのでかなりびっくりしました。送料無料では無いけど別の物と合わせて買ったので損はしませんでした。ありがとうございました。
5.00,30代,女性,音も今まで使用していたのと同じくらいで、イオンもついてこのお値段で購入でき満足です。
4.00,30代,女性,今まで使っていた物よりコンパクトだけれど、風の力はあります
5.00,50代,男性,はじめは，以前使っていたものと比較してこの大きさで大丈夫か？と思いましたが，やはり新しいものは違いますね。十分なパワーがあるのに軽くてよかったです。
4.00,40代,男性,マイナスイオンドライヤーというものを、初めて買いました。ちょっと独特の匂いがしますね・・・でも、慣れてしまえばどうということもないですし、髪に臭いか移るわけでもないので、気にしなければどうということは無いでしょう。しいてマイナスをあげるとすれば・・・コールドのターボが無いことでしょうか。切り替えが「ターボ・セット・コールド」の3段階なので、涼しい風で強風にしたい時に不便を感じますね。あとは・・・少々音が大きいかな？？でも、概ね期待通りだったので買って損は感じませんでした。
4.00,nothing,nothing,問題ないです。音も気になりません。マイナスイオン自体の性能というのは結局一概には比べられないと思うので、私にはこれで十分です。ただ、冷風の風力が弱い感じがするので、もう少し強かったらなと思います。
5.00,nothing,nothing,お安いし、パワーがあります。大きさ的にも使いやすい。この値段であれば十分な機能です。
3.00,nothing,nothing,風量は家庭用では十分です。マイナスイオンの効果はわかりません。音は直線的で勢いがありうるさいです!ターボ音は私には、ちょっと鼻づまりの人が高音ボイスでワーーッ!!って叫んでるように聞こえます（笑）できれば静音タイプが欲しかったのですが安心感のあるブランドとレビューも良かったので。全体的には値段なりに普通なので良かったです。
3.00,nothing,nothing,重さ、形も持ちやすく適しています。音も気にならない程度。
5.00,nothing,nothing,ﾃﾞｻﾞｲﾝに一目ぼれして購入しました。髪の毛が乾くのが早いですね。子供の髪の毛が長くて乾かすのが楽になって良かったです♪
5.00,nothing,nothing,実家の母に購入しました。とっても軽くて使いやすいと言ってました☆
4.00,nothing,nothing,普通に使えます。風量がもう少しあれは乾燥が早くなるのですが・・・。
5.00,50代,男性,迅速な対応と、リーズナブルな価格で満足しました。
5.00,40代,男性,とても使いやすくて良いです。多少・・・音がうるさいかも知れませんが私的に気にならないレベルですが、値段の高い良いドライヤーを使っていて、このドライヤーにしたらうるさいな〜と感じるでしょう。音質は小さなモーターを無理やり高回転で回しているような音ですかね。
4.00,nothing,nothing,以前使っていた物が熱を持つようになったので、買い換えました。コンパクトなので少しパワーが足りない気もしますが、問題ありません。安っぽく見えないカラーです。
3.00,20代,女性,【デザイン】高級感のあるデザインで気に入っています。落ち着いた大人の女性って感じ。【静音性】こんなものかと思います。以前使っていたのは旅行用の小さい古いドライヤーでしたが、それよりも本体は大きいのに、気持ち音は小さめかなと感じました。【乾燥スピード】以前のドライヤーよりも早く、しっとりまとまります。【スタイリング】いつも洗い流さないトリートメントやオイルを使うのですが、使い忘れた翌日もしっとりしています。【使いやすさ】ちょっと長い間髪の毛を乾かすのに風量をＭＡＸにしていると、持ち手が熱くなります。【その他】折り畳みが出来て使いやすいです。
3.00,30代,女性,以前、使っていたドライヤーが壊れたわけではないのですが、髪が傷まないものに変えたいなと思い購入しました。元々が多毛くせ毛で、胸下までのロング、乾かすのもめちゃくちゃ時間がかかります。最初に使った時は、乾きも早く感じ、収まりもよく、感動したのですが、翌日から特にその感動もなく、確かに収まりは多少よくなりましたが、乾かす時間は依然と変わらない気が…気持ちの問題でしょうけど(^^;)なので、特に可もなく不可もなくって感じです！
4.00,30代,女性,最初のうちはものすごく臭いが気になりましただいぶ使用してから、やっと気にならなくなってきましたどうやらイオン臭みたいですが、今まで長年マイナスイオンドライヤー使ってたのに、初めてでビックリです威力は今までのよりは弱いですが、まあまあです短い人には充分ですイオン効果はこれまでのよりはちょっと弱く感じますクールのターボがあるといいなと思いました色はゴールドなのがいいです
5.00,nothing,nothing,軽いし 風量強いので 楽楽です 発送も実に早かったです
5.00,nothing,nothing,デザインが気に入り購入しました。音も静かで使いやすいです。
5.00,30代,男性,サイズが小さくても風量があって子供の髪がすぐに乾くので助かった。
5.00,nothing,nothing,仕上がりが良く、髪がとてもサラサラになりました。購入して本当に良かったと思っています。商品の配送も、とても速く届き、安心ができました。
4.00,nothing,nothing,使い始めは少し臭いが気になりましたが、使ってると髪がつるつるになってすごく良かったです♪
4.00,20代,女性,とても使いやすく風量も思いのほかパワフルでした。軽いし、値段も手頃なのでおすすめです。
5.00,nothing,nothing,今まで使っていたイオンドライヤーが壊れてしまったので購入。パナソニックのマイナスイオンドライヤーがこのお値段で購入できてとても満足です。髪がパサつきがなくなってきました。
5.00,30代,女性,使用していたドライヤーが壊れたので購入。かなりコンパクトで、風量もあり扱いやすいですが、速乾性を求めるのならば1300Wの物を買った方が良いと思います。マイナスイオンの効果はよくわかりませんが、コスパはかなり良かったので、良い買い物でした。
5.00,50代,男性,【デザイン】やさしい色合いが気に入った。【静音性】普通です。【乾燥スピード】普通です。【スタイリング】ドライヤーにデザイン性は求めないが、持ちやすいので、機能美あり。【使いやすさ】冷風の強さがもう一段階ほしい。【その他】
4.00,20代,女性,パナソニックのマイナスイオンドライヤーが、かなり格安で販売していたので食らいつき、購入しました。今まで使っていた、某メーカーのマイナスイオンドライヤーより、気持ちしっとりしてくれます。冷風がもう少し風量があれば嬉しいのですが、それ以外はとても使いやすく嬉しいです。デザインも文句なしです♪ありがとうございました。
4.00,nothing,nothing,１歳になる娘の髪も乾かせるようにと，母親との兼用で購入しました。乾燥後もパサつくこともなく，良好な状態です。イオンの状況（効き目）がいかほどかは他と比べているわけではないのでわかりませんが，作りもしっかりとしていて，モノはいいと思います。
4.00,30代,男性,機能も色も良さそうで、値段も手頃なのでこちらを購入しました。使用感などはわかりませんが喜んでもらえました。
5.00,nothing,nothing,ドライヤーが壊れてしまい選んでいて…直ぐにこの商品でこの色にしよう!!っと決めました。思った通りの良い商品で毎日使ってます。
5.00,30代,女性,数年前に一万円以上で購入したイオニティが壊れてしまったので急いで代役を探していたところ、安価でこちらを見つけました。安くても一応イオニティなので悪くは無いだろうと・・・。で、到着した商品を早速使ってみましたが軽くて使いやすいです。音は前に使っていたものとさほど変わらないように思いました。色はシックで大人っぽい印象でとても気に入りました。イオンの効果はよくわかりませんが、信頼しているメーカーなので満足です。
5.00,50代,女性,目と鼻の先に〜コジマがある！足を運んでも金額変らず！此方を利用させて頂きました！迅速な対応〜感謝します！
4.00,40代,男性,【デザイン】ゴールド調でおしゃれな感じ【静音性】ターボの時、“モーターが一所懸命廻ってる”って感じの高音が少し大きい【乾燥スピード】風量が弱い気がする・・・でもマイナスイオンの効果か乾燥後の髪がサラサラしている【使いやすさ】二つに折れてトラベル用にも持って行けそう【その他】
5.00,30代,女性,１万５千円くらいのイオン対応のあのでかいドライヤーを欲しいと主人は言ってましたが、長い髪を乾かす私と娘には、重たくてイライラするので(笑)軽いこちらのコンパクトなドライやーにしました。普通に乾かせるし、重たくない・髪もそれなりにさらさら。この価格でこの仕上がりなら充分だと思います。カラーも上品な、ゴールド系でした♪見た感じ、吹き出し口がブタ鼻っぽいです。
3.00,nothing,nothing,前に使っていたドライヤーが壊れたので買い替えで購入。この価格で、これくらいの性能なら満足です。
4.00,nothing,nothing,シックなデザインが気に入りました。音は大きめですが、持ちやすいと思います。
5.00,nothing,nothing,速く乾くのでなかなかパワーありました。デザインも色も写真の感じそのままで良かったです。
5.00,30代,女性,【デザイン】 ゴールドがシックで素敵です。【静音性】 静かとは言えないけど、今まで使用していたタイプもうるさかったので 気になりません。【乾燥スピード】 前機種より早いと思います。【スタイリング】 髪の毛がサラッサラになります。 今までシャンプー後にヘアオイルをつけていたのですが、もう使わなくても よくなりました。【使いやすさ】 見た目ごつくて重そうに見えたんですけど、見た目よりは重くないです。 でも自分はロングなので、徐々に二の腕がキツくなります。【その他】 家電屋さんでこちらの商品は大体３２８０円位で販売されていたので、 安く購入できて良かったです。
3.00,30代,女性,配送未定とかれていたけど、翌日届きました。持ち手が折れ曲がり収納にいいとおもいましたが、使用後は思った以上に本体が熱くなっており、洗面台の中に収納する我が家では、少し外にだして冷やしてからしまう事になってしまいました。サイズのわりにはいい仕事するので◎
4.00,40代,女性,色が綺麗で使いやすいです。価格も安くて満足です。
4.00,50代,女性,07年製の他社のイオンドライヤーからの買い替えですが、仕上がりは大差ない気がします。もちろん髪がしっとりして良いのですが、以前からイオンドライヤーを使っていると特に感動はないかな。音はターボだとさずがに気になりますが、セットやクールだと「静か」と言えると思います。コンパクトだし軽いし安価だし、高機能を求めなければ十分な商品です。
5.00,nothing,nothing,主人が使っていたドライヤーが壊れたので、安価な物を購入してきたら風量が弱くて全然だめだったので、ネットの口コミを見ながらこちらを選んでみました。主人も満足の商品で良かったです。
5.00,30代,女性,高級感がある色合いで使っていて気持ちが良いです。髪もｻﾗｻﾗになります。
4.00,nothing,nothing,小型ですが風力あります。音は出ますが、そんなに気にならないです。
5.00,30代,男性,使いやすく彼女にも好評でした。デザインもＧｏｏｄ！
5.00,nothing,nothing,風力が強いので、髪を乾かす時間が短くなりました★マイナスイオンでサラサラにもなるし、おすすめです！
4.00,40代,女性,結構音が大きいので、初めはびっくりしました。今まで使用していたものより高音が出るので、余計に気になるのかもしれません。デザインや色は気に入ったし、とても安いのでまあ満足です。壊れないといいな。
4.00,30代,男性,子供が使うのに軽くて程よい大きさのを探していました。カラーも落ち着いていて良かったです。ただ、発送が遅かった。。。（３月６日注文で２８日に届きました）
4.00,40代,女性,ニオイが少し気になりますが、これまでのドライヤーよりも、髪の毛の傷みが少ないように感じます。
4.00,30代,男性,お値段はお買い得で、マイナスイオン等の機能もついているのですが、乾燥のパワーがやや弱いかと感じました。
5.00,30代,男性,音は少しうるさいのですが、風量は全く問題ありません。以前に使用していたドライヤと比べて、コンパクトなのも満足。値段もお手頃で、コストパフォーマンスは高いと感じています。
4.00,nothing,nothing,レビューの良さと値段で購入を決めました。上品なゴールドが良い感じです。マイナスイオンもちゃんと出ているのが分かって、音も許容範囲です。凄くサラッサラではありませんが、痛みは感じません。去年モデルとレビューとありましたが、届いたものは12年製とあったので長く愛用出来そうです^^
5.00,50代,女性,商品が届くまで一週間程かかりました。今まで使っていた品物が美容院のドライヤーだったのでものすごくパワーがあったのですが、イオンドライヤーが欲しかったので購入しました。メーカーも信頼できます。
5.00,nothing,nothing,今までのドライヤーが火を噴いたので、買い換えました。いつもの半分くらいの時間で乾いて、超快適です。
4.00,nothing,nothing,楽天のポイントを利用して購入しました。風量は強くありませんが、以前使っていたものの進化バージョンなので、使いやすいです。
4.00,40代,女性,子供用に買いました。少し音がうるさいようで、こわがってなかなか使ってくれません。でもすぐに乾くようです。
5.00,nothing,nothing,安くてイイ買い物でした。ただの温風ドライヤーとは全然ちがいますね。
5.00,nothing,nothing,軽くて折りたためてお安く購入できありがとうございました。
5.00,40代,男性,急にドライヤーが故障し、楽天さんで探して購入しました。福岡からの発送の品でしたが（こちら名古屋）、発送翌日には届きました！パナソニックなので、安心して使えます。すごくパワーがある感じではないですが、音も静かで、髪が傷まずに乾く感じがします。もっと高価なのと迷ったけど、これで十分かな〜〜
5.00,nothing,nothing,風力がありとても速く乾きます。そのわりに音も静かで顔も熱くなりません！髪もさらさら〜☆
4.00,nothing,nothing,コンパクトで使いやすいです。小学生の子供も使用するので、軽くてよかったです。音は多少大きいです
5.00,nothing,nothing,今まで使用していたものが壊れ急いでいたのですが届くのが早くたすかりました。小さいのにそんなに弱くないし髪サラサラです。
4.00,50代,女性,前に使っていた、ナショナル製のイオンドライヤーは１万円以上して、重くて落としてしまいこわれてしまいました。こちらは、乾きは前のドライヤーのほうがよかったけれども、軽くて使いやすいしコストパホーマンスも上々です。
5.00,nothing,nothing,ランキング常連のドライヤーと迷いましたが、こちらにして正解でした。軽いし、乾くのも早い。
4.00,nothing,nothing,カラーについてホワイトと迷いましたが、こちらの金色っぽい方に決めました。サイズもコンパクトで良かったと思います。
5.00,30代,女性,買おうと思ったらすぐ在庫切れとなり、入荷を待ったら2700円だったのが2840円に値上がりされてました（笑）それはともかく、この上品なゴールドを見てこれだ！と思いました。パナのイオニティドライヤーは2台目です。1万円以上する上級機種もありますが、これでも充分です。実店舗では見当たらなかったのでこちらで購入しました。
5.00,40代,男性,12年使ったナショナルモデルからの買い替え。前機よりもパワフルで速く乾きます。しかもマイナスイオン効果で髪の毛サラサラ。この価格でこの機能はお買い得です！
5.00,nothing,nothing,ドライヤーが急に壊れて購入。マイナスイオンドライヤーで髪の指どおりもよく、満足しています。
5.00,30代,女性,思ったよりパワーがあり、使いやすいです。ゴールド系の色も落ち着いた感じで、好みです。
4.00,30代,女性,風量は控えめ。大きさも思ったよりコンパクトでした。テスコムのドライヤーが一年で壊れたので買い替えたのですがパナソニックのはいつまでもつか試しに購入しました。色は落ち着いた感じの色でした。
5.00,40代,男性,サイズも重さも調度良いです。コンパクトサイズのため音は大きいですが風量は問題ありません。色も落ち着きのあるもので万人受けだと思います。
5.00,40代,女性,以前に使っていたイオニティが動かなくなってしまい、暫く旅行用のイオンが出ないタイプのミニドライヤーでしのいでましたが、髪を乾かすのに時間がかかるので、やはり新調することに。同じイオニティシリーズのこちらの商品を使ってみたら、静電気の悩みが一挙に解決！ イオンの凄さに驚いています。
4.00,30代,男性,子供に自分で乾かさせようと、小さめのドライヤーかつイオン吹き出しを探していました。この商品は軽くて子供にもピッタリ。また温風の吹き出しが内側は熱く外側が冷たい風なのが気に入りました。ターボ利用時にもう少し音が小さければいいんですけど。ま、安いので仕方ないですね。もうワンランク上の商品にしておけばよかったと思いました。
4.00,nothing,nothing,格安で購入でき助かりました。 また良い商品をみつけたら注文したいと思います。
4.00,nothing,nothing,レビューであったように、音が大きいですが乾きは早いです。
5.00,nothing,nothing,高額のドライヤーとの比較はできませんが、軽くて使い易いお品だと思います。
5.00,nothing,nothing,10年使ってきたドライヤーが壊れたので、至急購入しました。
5.00,30代,女性,くるくるドライヤーしか持っておらず、ヘッド部分を外して使ってたので、やっと普通タイプのドライヤーを！！！やっぱり乾くの超早いです！(当たり前)心なしかイオン効果で髪もつるつるしてるような？色もシックで可愛いvV
5.00,40代,女性,ナノイーは高かったのでw マイナスイオンの本製品を購入。硬く量が多くうねりが強く等々手間のかかる髪ですが、今まで使用していた製品よりしっとりと扱いやすく乾いた気がします。乾かした後にアイロンをかけるのですが、やり易かったので。でも一番気に入ったところは熱くなりすぎないところ。また適度な温度の大風量で早く乾きました。良い買い物でした。
5.00,nothing,nothing,おもったより音も小さく良かったです。イオンがないと髪がガサガサになると妻が言っていました。
5.00,40代,女性,数年使ってたドライヤー、子ども達が毎回落とすのでとうとう壊れてしまいました。こちらのドライヤーは壊れたものの新しいタイプのものなので安心して使えます。なによりグレードｱｯﾌﾟしてました。それなのに安く購入できてラッキー！
5.00,nothing,nothing,パナソニックで２０１１年製でこの値段は底値では？。髪も以前の同じタイプの物より早く乾きコンパクトで使いやすく大変気に入っています。
5.00,nothing,nothing,ゴールド調でちょっと高級な気分で毎日使っています。コンパクト&風がいかにも頑張って出てる感じが全くしないのに、乾く時間が半分位短縮したのには驚き！音は小さいですよ。一歳の娘も嫌がらず使用できてます。髪は天使の輪ができツヤツヤサラサラになります。2011年製です。もっとお値段が高い高性能品には惹かれますが、うちにはこちらのお品でほんと充分でした。
5.00,40代,男性,【デザイン】【静音性】【乾燥スピード】【スタイリング】【使いやすさ】【その他】まったく同じドライヤーを使用していますが、娘のたっての希望でもう一つ注文です。非常に軽くて使いやすいです。
5.00,nothing,nothing,今使用してたのが壊れたので、買い換えです。色も形もとても綺麗です。今日届いたばかりなので、まだ使ってませんが…期待大です。
4.00,40代,女性,乾くのは早い！しかし、少々音がうるさいかな・・・。しかし、デザインは良く、色も気に入りました！！！
5.00,30代,女性,マイナスイオンが効いているかは不明だけど、大満足。
3.00,50代,女性,コンパクト、デザイン（色合い）はオシャレ！と嬉しいのですが以前の物より音がうるさい・・・・もう少し柔らかい静かな音だったらよかったのに。
4.00,nothing,nothing,プレゼント用に。同じような価格と機能で色んなデザインがあり迷いましたが、此方が高級なカンジを受けたので購入。レビューも良いのでもしよければ自分用にも買いたいと思います。
5.00,50代,男性,前のドライヤが故障したので購入 主流の製品より若干小さいが よく乾きます
5.00,40代,男性,マイナスイオン効果があります以前のドライヤーは髪がパサパサこのドライヤーに変えて髪に潤いが！省エネ設計です風量が物足りない方もいるかと思われますが私はこれでもいいかなと。髪がまとまって気持いいです
4.00,nothing,nothing,使いやすく、コンパクトでよかったです。すぐに商品が届いたので助かりました。
5.00,nothing,nothing,モノが壊れかけており、新たに注文しました^^小ぶりなのにパワーがあって髪が乾くのが早い！！！（ベリーショート）音も気にならないし、軽いし、購入して本当に良かった◎カラーは可愛いピンクを選びました(*~-~*)
4.00,30代,女性,思っていた色合いでよかったです。迅速な対応ありがとうございます。
5.00,nothing,nothing,乾きが早い!!イオンで翌朝の髪の毛もサラサラです!!本体は小さめですがパワーがあります!!おすすめしまーす!!
5.00,nothing,nothing,良い商品でした！風力がとても強くて、ブロー後に髪がサラサラになります！色はゴールドを選びましたが、上品な色でとても良かったです。
4.00,nothing,nothing,マイナスイオンドライヤーが欲しくて、購入しました。お値段も機能も手頃です。お店の対応も早く、満足です。
5.00,40代,女性,風量も十分で、使いやすいです。購入して良かったです。
5.00,nothing,nothing,思っていたより静かで、乾きも早いのでよかったです。イオンの効果か髪パサつきも以前のドライヤーより少なく思えます。パナソニックですし、これで送料込で3040円でしたので、いい買い物をしました。
4.00,nothing,nothing,対応も早く感謝しております。ありがとうございます！！！！！
5.00,nothing,nothing,かわいくて、軽くてとても使いやすいです。
5.00,40代,男性,デザインも思いどおりであって、音も静かであり申し分ありませんでした。ありがとうございました。
5.00,nothing,nothing,とても軽くて使いやすいです。このお値段ならかなりいい買い物したのではないかと満足してます。
5.00,40代,女性,可愛いピンク色で購入を決めました。軽くてコンパクトなので、髪を乾かすのに腕に負担がかからないです。また、折りたためるので収納に場所も取りません。
4.00,nothing,nothing,音も静かでコンパクトなので、旅行に行く時には便利です！！
5.00,30代,女性,マイナスイオンのドライヤーを探しており、安かったので購入しました。落ち着いたゴールドなので、気に入ってますv(・∀・*)乾かす時パワーがあるし髪の毛がサラサラになっている様な気がするので購入して良かったです(ノ´∀｀*)
5.00,nothing,nothing,コンパクトで使いやすいです。髪もさらさらになります。
4.00,nothing,nothing,今使用中のドライアーが音うるさく、使用困難と思いこの商品購入した。現在のところ問題なしで使用している。[受注番号] 269553-20131017-013499326
5.00,nothing,nothing,性能は勿論のこと、軽くて機能性もバッチリです。
5.00,30代,男性,風力も強く、非常に乾きが早いです。とても満足してます。
5.00,nothing,nothing,ちょうど壊れたので購入しました、パナソニックのドライヤーだけぁって使いやすく、乾きがぃぃです！
5.00,50代,男性,娘の一人暮らし用に購入しました。パナ製品は以前から使用していましたので使い勝手もわかり重宝してます。
4.00,30代,女性,有點塑膠味..風大.造型可愛..比其他實體店便宜
4.00,40代,女性,ドライヤーが古くなり買い替えたくて。価格としても手ごろでしたし、メーカーに信頼がありましたので。音はちょっと・・・気になりましたが。
4.00,40代,女性,我が家は女性が多いので、ドライヤーは2台ないとダメなんです。特にこれから寒くなると順番待ちで風邪をひいちゃいけないと、1台壊れたので慌ててポチっと。1200Wでイオンドライヤー。軽いので片手でも持てます。髪もしっとりしますよ。
4.00,30代,男性,コンパクトで軽いのにパワフルで、とても使いやすいです。以前使っていた物よりも乾きが早いです。
4.00,nothing,nothing,ホワイトを購入。今まで使用していたものより非常にコンパクトで軽い。乾きも小さい割に良いと思います。
5.00,20代,女性,このドライヤーは使いやすいし、速乾だし、本当いいと思います！
4.00,nothing,nothing,安価で機能も満足しています。髪の毛短いので、これで十分です。
4.00,nothing,nothing,清潔感の有る、ホワイトにするべきだった！
5.00,nothing,nothing,発送もとても早く、コンパクトなのにパワーもあって乾くのが早いです。ピンクで可愛いのも気に入ってます。
5.00,30代,女性,３年前に購入したイオニティを使用していましたが、本体が高温になって壊れてしまったため、買い直しました。３年前のモデルよりも本体はじゃっかん小さめになり、軽くて持ちやすいです。温風はそれほど熱くありませんが、風力が強いため早く乾きます。
4.00,40代,女性,10年以上ぶりにドライヤーを買い替えようと色々と見てたら目に止まりました。見た目も可愛くてコンパクトだし即決。届いた日から早速使ってみました。静音は以前の物と変わらない感じ。だけどいつもなら乾かし終わると乾燥とくせの広がりが酷かったけど、いつもより広がりが抑えられてる気がしました。値段も安かったし買い替えて良かったです
4.00,nothing,nothing,イオンノの吹き出し口が別なのでいままで使用していたのより効果がありそうです。
4.00,nothing,nothing,可愛いいです。豚鼻乾きも早いです。ドライヤーの先は、熱くなります。
5.00,nothing,nothing,小さいわりに風力あって大満足です。やはりメーカー品がいいんだなあ。
4.00,nothing,nothing,パワーは少し物足りないですが、商品の値段を考えれば満足です。色もよかったです。
5.00,nothing,nothing,受注番号 220942-20130901-0332549317だいぶ、前からドライヤーからパチパチと、異音がしてました。危ないとは、思いつつ使っていましたが、今回のセールでやっと買い替えました。ピンクでかわいいし、安く購入出来て良かったです。
3.00,30代,男性,風が熱すぎます！髪に悪いので手を伸ばしてできるだけ遠ざけて乾かしています。乾くのが早いとは言えいただけません…それから音が安っぽい。温泉のドライヤーのような高いモーター音がなんだか安っぽさを助長しています。美容室のような低音で、適度な温度のものとは程遠いです…値段が値段だけにやむを得ませんが期待しすぎました。
3.00,nothing,nothing,使いやすいと思います。もう少し風量が強いともっといいと思います。
5.00,30代,女性,実家から引越すにあたり、今まで一緒に使っていた母が気に入っていたこのドライヤーを色違いで購入してプレゼント！風力も強くて満足です！前回はピンク、今回はゴールドを購入しましたが、どちらとも色もいいです☆
5.00,nothing,nothing,少々心配していた音は大きすぎる事は全くなく気になりません！色も派手かな？思っていましたが、実際は程よいピンクで気に入っています。
5.00,30代,女性,ホワイトを購入しました。かわいいし、使いやすいです。髪も艶々で大満足です。発送も早くて助かりました。
5.00,nothing,nothing,皆さんのレビューを見て,購入しました。綺麗なピンク色で,子からは,使いやすい!!と好評です。
5.00,40代,女性,２０年以上のドライーにさよならです。軽くても風量があり、サラサラになります。
5.00,nothing,nothing,受注番号202889-20130801-0998250140購入日時2013年8月1日 20時58分16秒迅速な対応でした。コンパクトで使いやすいです。ありがとうございました。
5.00,nothing,nothing,軽いのに風量が多く使いやすいです。色もピンクで可愛いです。買って良かった！！
2.00,nothing,nothing,この商品は安くて軽いので、旅行用なら良いが、普段使いには物足りない
5.00,nothing,nothing,軽くて小さい割には風量もシッカリあってバッチリです。送料込みでお安く買えて良かったです。
5.00,nothing,nothing,ピンクのドライヤーが欲しくて安く買えて満足ですo(^-^)o
4.00,30代,女性,ピンクの色が可愛くて、お値段もお手頃だったので購入。イオンのせいか？！髪がサラサラスルスルで乾くように思います。広がるようにも思いますが…今まで使ってたドライヤーはコールドでも送風のパワーが落ちなかったので、こちらはコールドだとよわーい風しか吹かず使えません…。今までは、ドライヤーをかけてて熱い時は体も髪も冷風をあててスッキリしてたので、このドライヤーの弱風（それしかない）だと弱くて全然なのが残念…
4.00,nothing,nothing,突然にドライヤーが壊れて近くの電気屋さんで購入しようと思いましたが、こちらのお店を見つけて購入しました。すぐに配送して欲しいとお願いしたところ、すぐにして頂き助かりました。価格が安かったので心配でしたが、気にっています。
5.00,30代,女性,ドライヤーが急に壊れ、早急に必要だった為あす楽対応のショップさんを探していてこちらで購入しました。対応が素早い！注文した翌日に届きました。髪が腰まである私にとってはドライヤーは必需品。助かりました。
2.00,40代,男性,そこそこ評判がよかったので期待したが…。こんなに熱い風で髪の毛を乾かしたらダメでしょう。長年使ったナショナルのsarasaraにくらべ、風量は無いし。昔の安売りドライヤーで、ただただ熱いだけのものと同じですね。乾かす時にたまに風が当たるおでこ部分が、終わった後、ひりひりします。同時に買ったコイズミのKHD-1385の方がはるかにましです。
5.00,nothing,nothing,商品が手元に届くまで迅速なのが大変有り難かったです☆カラーはゴールドにしました。落ち着いていて良い色です。それと髪の毛が乾くまでも早いので助かります。しいていえば冷風のパワーがもう少しあると良かったですね〜！毎日愛用しています。髪の毛も以前よりまとまりやすくなりました。
4.00,nothing,nothing,この値段で、この軽さ、この風力。いいんではないですか。
4.00,30代,女性,10年近く使っていたものを、そろそろ買い替えようと思い購入。ピンクを選びましたが、とっても可愛くて、乾かすときのテンションがあがりました♪このお値段でこの機能なら言うことなしです！
5.00,nothing,nothing,パナソニックがこの値段で購入できるとは！風量,コンパクト,マイナスイオン！いうことなしでしょ！
4.00,nothing,nothing,ずーっと使っていた古いドライヤーからの買い替えなので、それと比較すると音も静かだし、軽いし、いいですね。ただ、価格が価格なので、マイナスイオンの効果はわかりません。何でもないドライヤーの時と比べると、確かにちょっとサラッとしてるかなぁ…という気はしないでもありませんが。私としてはコスパもいいし、満足です。
3.00,nothing,nothing,風量は十分です。しかし、Coldモードにすると風量が半減します。これからの季節ちょっと熱いです！でもこの値段は安い！
3.00,40代,女性,軽くて可愛いのですが娘と私の髪はロングなので風量が足りなかったです。今までの倍の時間が掛かります。これは旅行用にして風量の強い物を買い足します。お店の対応は良く発送も早くてよっかたです。
4.00,nothing,nothing,マイナスイオンドライヤーとしては安い金額だと思います
4.00,50代,女性,軽くていいですがターボにすると音がうるさい、こんなものかな？
4.00,20代,女性,小さいけれど、風量も十分ですぐに乾きます。コンパクトなので置き場所にも困りません。旅行にも持って行けそう◎
5.00,nothing,nothing,コンパクトな感じですがとてもパワーがあり使いやすく凄くよい買物をしました。
5.00,nothing,nothing,今まで使っていたドライヤーが壊れたので新しいのが欲しくてイオニティを購入（≧∇≦）色はピンクを選んで正解&#8252;&#8252;めっちゃ可愛い（≧∇≦）届いてすぐ使ったけど髪の毛サラサラってなってイイ感じです(OvO)
4.00,nothing,nothing,値段もお手頃でプレゼントに喜ばれました。
4.00,40代,女性,実家のドライヤーの調子が悪くなり、購入。今までのものより軽く、ナノイオンでかわいいピンク色。少々音は気になりますが満足です。
4.00,nothing,nothing,こちらを購入したら、壊れたと思っていた前のドライヤーが復活。少々使うのが先になります。
5.00,nothing,nothing,他のお店より安かったので決めました。商品も満足しています。特典もうれしいです。
4.00,nothing,nothing,娘専用にと、我が家では2個めのドライヤーとして購入しました。皆さんのご意見にあるように、コンパクトでイオンがあるのも嬉しいです。買って満足です。
5.00,nothing,nothing,使っていたドライヤーが壊れたのでこちらで購入しました！色はピンクを選んだのですがとてもかわいいです☆風量もあるし、お値段をみてもこれはとてもお買い得だと思いました☆
5.00,nothing,nothing,ゴールドのカラーを購入しました。乾燥後の髪は、さらっとしてまとまりが良くなります。デザインも良く、軽量のため、長く使用しても腕が疲れません。良いお買い物ができました。
4.00,nothing,nothing,使っていたドライヤーが壊れたので買い替えました。金額・使い易さなど妥当だと思います。送料無料だともっといいのに…
4.00,nothing,nothing,【デザイン】特に、特徴なし【静音性】 ちょっと、高音のおとがする【乾燥スピード】コンパクトで吹き出し口が小さい割には、早く乾く【使いやすさ】コンパクトで女子には持ちやすい
3.00,30代,女性,ドライヤーが壊れてしまっていたので、発注してすぐに届いたのでありがたかったです。この価格でこの品質には満足です！
5.00,nothing,nothing,注文後3日で届いてよかったです。商品は思ったよりもコンパクト。もう少し風量があればと思いましたが、全体的には満足な商品でした。
4.00,nothing,nothing,軽くて静か、とても扱いやすく満足しています。値段も安くてさらに大満足
5.00,nothing,nothing,発送がとても速く、丁寧に梱包されていました。音はレビューの通り、やや大きいですが問題はないです。乾きも良く、何よりデザインが可愛くてお気に入りです。
5.00,nothing,nothing,安価で、軽量で、小学低下年でも子供にも使い安く、満足しています。
5.00,nothing,nothing,使っていたドライヤーが古くなり(10年もの)。購入しました。同じ1200Wですが、以前より早く乾きます。音もやかましくありません。まだ使って間もないので、マイナスイオンの効果はわかりませんが、心なしかサラサラかな？色はホワイトにしましたが、光沢がある感じで、きれいです。後は長持ちしてくれたら嬉しいです。
4.00,nothing,nothing,想像より小さくて音も静かです。ショートの私には丁度良い風量です。
5.00,nothing,nothing,旧バージョンの商品でしたが、軽く、快適に使用させて頂いています。とてもよいお買い物ができました。ありがとうございました。
5.00,nothing,nothing,つやつや、しっとりまとまります。ドライヤーは毎日使うものなので1万円ぐらいのものと迷いましたがこちらを買って正解でした！
3.00,nothing,nothing,割と安く買えたので、気に入っています。色も可愛いし。。。と娘が言っています。
3.00,nothing,nothing,店頭よりも安く購入できました。よかったです。
3.00,nothing,nothing,デザインも品質もとてもよかったと思います。
4.00,nothing,nothing,思ったより、大きい。大風量なので、乾きが早いです！
4.00,nothing,nothing,普段使いに格安のドライヤーを購入しましたが風圧もよくコスパは抜群で気に入りました。確かに豚鼻でした
5.00,40代,女性,娘の合宿や旅行用です。お値段の割にはメーカー品で風量もあり、とてもお買い得でした。商品もすぐ送って頂き、ありがとうございました。
4.00,nothing,nothing,202889-20130302-0258631236 ドライヤーが壊れたので急遽購入しました。メーカーもので、このお値段は有難いです。音は、少し大きいように感じましたが、慣れてくれば問題なさそうです。肩下の長さで、10分ほどで乾かせました。
5.00,nothing,nothing,ﾏｲﾅｽｲｵﾝのおかげか、トリートメント使用したときと同じくらい髪がさらさらで艶がでます。とっても気に入ってます。
3.00,10才,満/,自宅のドライヤーが壊れたため急遽購入。コンパクトで使いやすく、髪のまとまりもよくなったような気がします。ただ、ホワイトを注文したのに届いたのはピンク…すでに自宅のドライヤーは使えず商品が届いたのも夜だったのでそのまま使用しました。商品の性能自体には満足ですが、なんだか残念でした。
5.00,nothing,nothing,前モデルから愛用しています。壊れてしまい、また同じタイプのものを買いました。早く乾くしサラサラになるし、お値段の割には良い仕事をしてくれます！
5.00,nothing,nothing,買ってよかったです。ピンクでかわいいし、音も小さいと思います。旦那用にまたリピ予定です。
5.00,nothing,nothing,木曜日に注文して、土曜日に届きました。とっても早い到着に大変満足です。ホームセンターで売ってそうな無名ブランドの安いドライヤーからの買い替えで、その性能に驚きです。値段も、これなら言うことなしです。
4.00,nothing,nothing,以前使用していたドライヤーの代替用として購入しました。この値段でマイナスイオンドライヤーが買えて満足です。ただ、音が少し大きいのですが、それは値段相応だと思います。
4.00,nothing,nothing,注文して翌日には発送して下さいました。ホワイトを購入しましたが、爽やかな白で清潔な印象です。重量は、女性が片手で持っても軽いと思うぐらい軽量です。風量は、ロングの髪がなびく程の風量ではないのですが、温度がかなり高いように感じました。冷風は、温風より風量が弱くなるタイプです。安いですが、イオンはしっかり発生されているのか毛先までしっとりします。信用のあるメーカーですし、このお値段でこのクオリティーなら満足です。おまけで乾電池４本を頂きました。保証書に貼る店舗名の書いたシールも添付して下さっていました。
5.00,nothing,nothing,使っていたドライヤー（古いタイプのマイナスイオン機能がないもの）が壊れたので、購入しました。到着は早くて、金曜日に注文したら翌週の火曜日に届きました。届いた日に早速使ったところ、多くのレビューにもあった通り、乾きがとても速いです。それから、乾いた髪の触り心地が以前のドライヤーと全然違ってツヤが出てシットリしています。しかも、クセ毛なのですが、乾かして寝てから翌朝もクセやうねりがあまり出ませんでした。本体も大きすぎず、折りたたみ式なところもいいですね。とても安かったので、最初は「大丈夫かな？」と思いましたが、レビューでは高評価が多かったのでこれに決めました。特典もついていたし満足しています。
5.00,30代,女性,8年ほど愛用してた先代のイオニティが壊れ、次のドライヤーを探してました。お値段とレビューに惹かれ、購入。まだ使用してませんが、ちゃんと保証書シールが同梱されていて、さすがコジマさん！！感動して、使用前にレビューしちゃいましたo(^o^)o
5.00,nothing,nothing,ナショナルブランドのドライヤーがこの値段で購入できてとてもお買い得でした。毎晩しっかり働いています。
5.00,nothing,nothing,お値段が安いのに、使用後は髪の毛がサラサラになります。デザインも良く、軽いので使いやすいです。買って良かったです。
5.00,nothing,nothing,納品まで早かったです。発注してから実質４２時間でお品が届きました。
3.00,40代,女性,発送まで日にちがかかりましたが商品は問題なかったので良かったです(*^_^*)１つドライヤーはあるのですが以前突然壊れた時にすごく困ったので購入しました！それと普段、娘とかち合って困ることがあるので今日から待つことなく使えます(笑)
5.00,40代,女性,商品は良いと思います。届くのが遅くなければなにも言うことはないんですけど！
5.00,nothing,nothing,友人のプレゼントで購入しました。リクエスト通りで喜んでもらえました。
4.00,nothing,nothing,ドライヤーはあまりにもたくさん種類もあり、値段もピンキリです。お手ごろだし色も家族がピンクと言ってたので、納得できました。
4.00,30代,男性,髪にいいと聞いて購入しましたが、違いがよくわかりませんでしたが、小さいながらも、１２００Wあるので風量はよかったです。
5.00,nothing,nothing,今まで使っていた物が壊れ購入しました。豚の鼻みたいな吹き出し口は面白いですね。風量は今までの物より弱く感じますが、乾かす時間はそれほど遅くないので髪には優しいと思い満足しています。
3.00,nothing,nothing,今までのドライヤーが壊れた為、レビュー評価が高かったこちらを購入。…やっぱり今までのドライヤーと同じ業務用1500Wにしておけば良かったと後悔。音は静かめだと思いますが、やはり馬力が足らない。使って数日だからかレビューにある髪の毛ツルツル感も特に感じず、値段が安いからと納得することに。見た目はコンパクトで軽いですが、オモチャぽくも感じました。でも旅行とかに持っていくならいいかもです。
3.00,nothing,nothing,注文から１週間後に到着。ピンクというより、紫に近いです。持ち運びに小さくて良いですが、風量は弱いです。
5.00,30代,男性,使用していたドライヤーが壊れたので購入しました。もともと同じくらいの値段（2980円）を使用していたこともあり、期待はしていませんでした。風量が弱いという評判が多かったですが、私には強く髪を乾かす時間も減り、値段の割りに満足しています。意外とさらさらになるような気もします。イオン効果は相変わらず？？部分もありますがね。
5.00,nothing,nothing,小さいのにパワフルで子供の髪をかわかすのが早くなりました。この値段ならお買い得と思いｓます。
4.00,40代,女性,今日、初めて使ってみましたが音がかなり…大きめだったので、ご近所迷惑にならないよう遅くにお風呂に入る娘には２３時前には済ませるよう言いました＾＾；乾くのはとても早いです！これは大変助かります。あまり時間が掛かると冷えてしまうし切り替えも簡単でセットモードも使いやすい風量でした。安くていいものが買えました。
4.00,nothing,nothing,【デザイン】【静音性】【乾燥スピード】【スタイリング】【使いやすさ】【その他】値段もお手ごろで使いやすい発送も早かった。
4.00,50代,女性,昨日届きまして、早速使用しました。音は気になりません。送風量が少ない気がしましたが、乾きは早かったので満足です。髪の毛のまとまりが良くなりました。マイナスイオン効果でしょうか？翌朝寝癖がつかなくてびっくりしました（笑）
5.00,20代,女性,愛用していたテスコムのマイナスイオンドライヤーの調子が悪くなってきたので、レビューを参考に、久し振りにパナソニックのドライヤーを購入してみました。最初は髪の違いとかよくわからなかったけど、使うこと３週間…明らかに髪が柔らかくサラサラになり、まとまりやすくなったと実感しています。髪には結構お金をかけている方なので、安価で実感できる商品に巡り合えた事を嬉しく思います。調子が悪くなるまで、使い続けます。やっぱり一流メーカーのものは間違いないですね！
5.00,nothing,nothing,髪を乾かす時間が早くなりました。乾かした後、サラサラになるようにも思います。
5.00,nothing,nothing,【デザイン】よし【静音性】ちょいうるさめ【乾燥スピード】はや【スタイリング】しやすい【使いやすさ】手頃【その他】【デザイン】【静音性】【乾燥スピード】【スタイリング】【使いやすさ】【その他】
4.00,40代,女性,パナソニックで、この値段は型が古くても絶対にやすい。良い買い物をしたとおもっています。
5.00,nothing,nothing,前々から気になっていた「イオニティ」、やっぱり良いです！！他の方もレビューに書いていた通り、音はチョット甲高く大きいかもしれませんが、髪の毛がサラサラになります！私は髪の毛がはねやすいのですが、一日はねることなくサラサラです！購入して正解でした！
5.00,nothing,nothing,忘年会のビンゴ景品として購入。当たったら嬉しいかな？（笑
4.00,10才,満/,見た目もかわいいし サラサラになった気もします!!
4.00,nothing,nothing,風量が思ったほどではなかった。。本体も小さいから仕方ないのかな。でも、マイナスイオンは効きます！ドライヤーの後サラサラになりました。ピンク購入、カワイイです。
5.00,30代,女性,速乾ノズルというものに惹かれたのと、値段もちょうど良かったので購入してみました。速乾ノズルには中央は勢いよく、周りは緩やかな風を生み出す機能があるようです。確かに普通の吹き出し口から出る風よりも、勢いが良い所と緩やな所があり、風に変化があります。したがって髪の毛がよく動いて速く乾く気がしました。（風力自体、そんなに勢いはないものの）音は甲高い機械音が混じってちょっとうるさく感じます。イオンの効果ですが、持続するかはまだ分かりませんが使い始めて一週間くらいですが、毎回サラサラになっています。（持続して欲しいです。）色はきれいなピンクで気に入りました。大きさは風が出る部分は１７センチくらいで、ちょうど良い大きさだと思いました。
5.00,40代,男性,壊れたので購入。いままでのと変わりなく特に問題なくつかっています。ポイント10倍はいいですね＾−＾
5.00,30代,女性,子供用に購入。すぐ乾くし、さらさらになるので購入して良かったです。お店の対応も良かったです
5.00,nothing,nothing,ピンク購入。可愛くてコンパクト！髪もサラサラになりました!!
5.00,nothing,nothing,今までもマイナスイオンドライヤーを使っていたけど、こちらの方が使いやすいような気がします。Panasonicなのに価格が安く、良い買い物をしたと思います。
5.00,20代,女性,今まで使っていたドライヤーが壊れてしまったので、レビューを参考にして購入することにしました。結果、購入して良かったです。今までより髪を乾かす時間が減りました☆皆さんがおっしゃっていたツヤはあまり実感できませんでしたが、いい買い物だったと思います☆
4.00,nothing,nothing,今回、自分には大きく風力もあるドライヤーを使用していて、旦那様ようのドライヤーをと思い、購入しました。軽くて使いやすいと言っていました。購入してよかったです。
4.00,nothing,nothing,でも、こんなものかと。使用していたものが壊れてしまい購入しました。決め手は値段・パナソニック・ピンクです！
4.00,50代,女性,温泉用に購入してまだ使ってませんが、今まで使用の古いドライヤーと比べると音は同じようにうるさいかな？でも、早く乾かせそうです。
4.00,nothing,nothing,子供達の髪を乾かすのに購入しました。軽いので手が疲れる事もなく、すぐに乾くので風量も満足です。ただ、マイナスイオンの効果は？なので☆−１です。
5.00,20代,男性,以前使ってたドライヤーが古くなったため購入しました。軽くて風量があるのですぐ髪が乾いて助かります。
5.00,nothing,nothing,2日前から使ってるイオニティが小さい火花が出て怖いので最初に目についたこちらにしました。使用後追記します
5.00,nothing,nothing,このお値段でこの商品が買えてほんとうにお得でした！対応も早くとても助かりました。ありがとうございます
4.00,40代,女性,値段も手ごろ、お出かけ用に購入しました。かわいいピンクで娘も気に入り、何よりも長い髪も速乾性ばっちりでした。3日で届いたので助かりました。
4.00,nothing,nothing,初めての、マイナスイオンドライヤーです。凄くサラサラになるって訳ではないですが、普通のドライヤーに比べるとサラサラかな？って感じです。使い勝手は◎難を言えば、ターボ時の音は結構大きいです。
5.00,nothing,nothing,6年使用したドライヤーが壊れて買いました。同じメーカーのマイナスイオンドライヤーでしたが、軽くてコンパクトなので４歳の娘も使用しています。(coolでまねごとですが)以前のものより音が甲高いですが、風量も結構あり我が家では満足しています。近くの電気屋の店頭より1000円安く購入できたので良かったです。
4.00,nothing,nothing,ﾄﾞﾗｲﾔｰが壊れてP社ではないﾄﾞﾗｲﾔｰを買ったけど髪が乾かなくこちらを再購入しました。使ってみましたが冷風の風量はｾｯﾄ向けなのか弱い…ｾｯﾄはｱｲﾛﾝ派､暑い夏は切りかえて冷風を使いたいのでｶﾞｯｶﾘしてしまいました。ﾃﾞｻﾞｲﾝはかわいいです。色は画像でみるより濃いﾋﾟﾝｸでした。
4.00,50代,女性,今まで使った物が壊れたのでいろいろ探して買いました。折りたたみが出来置き場所にも困らないです。
5.00,40代,女性,このお値段なら大満足です。すぐに発送してくれて助かりました。
2.00,nothing,nothing,元はといえば、クレジット決済したと思い込み、後日銀行振込みだったことに気づいて入金したところで何日かたってしまっていたのですが｡｡｡銀行がUFJしか使えず、近所にUFJがないために振込み手数料に310円…全く安い買い物にもならず、ドライヤーが故障したから購入したのに商品がなかなか手元に届かない。けど注文してしまった以上待つしかない。だいたいの商品が翌日には届くこのご時世、注文してから早１０日。そして、クレジット決済がない点で、私は二度とこのお店は利用しないと思います。
4.00,nothing,nothing,家族が使用しています。多機能商品ではありませんが、髪を乾かすには充分とのことでした。
5.00,nothing,nothing,今まで７年前のイオニティを使っていて、そろそろこわれるかもと思って新しく購入しました。以前のよりちょっと大きい感じがしましたが、色もかわいいピンクで、長持ちするパナ製です。近くのコジマの店舗より、だいぶ安く購入できました。
4.00,30代,男性,小型で風量の強い商品を探してました。試しで買ってみたら非常に風量も強く邪魔にならないので気に入っております！是非オススメします☆
5.00,40代,女性,父の日のプレゼントに何がいい？と聞いたら、新しいドライヤーというリクエストだったのでこれを選びました。余分な難しい機能が色々とついてるのは嫌だというので、シンプルな機能で。喜んでくれたようです。
4.00,40代,女性,ちょっとおもちゃっぽいから、音は大きいです。上に付いてる穴からイオンの匂いがするのでちゃんとイオンは効いてると思います。髪の毛を乾かすのにはちょっと時間がかかりそうですが、セットだけならこのお値段でOKです。
5.00,50代,女性,突然、今まで使っていたドライヤーが壊れて急きょ、探して買い求めました。値段が安いので少々、不安は有ったのですが、壊れた物よりも、すごく使い心地が良いです。音も静か、風も強いし何よりサラサラに。絶対にお得です。
4.00,40代,男性,イオン導入のドライヤーを探してこの商品に。今までヘアサロンで使用できるようなドライヤーを使っていましたが、この商品と比べるとブロワーの音がちょっとちゃちいです。いわゆるヘアサロンのドライヤーのような「ボー」っていう大風量のかんじがありません。風量は少ないんでしょう。でも、嫁は髪のツヤが良くなったと大満足しています。
5.00,40代,女性,お安く購入出来ました。発送も早くて嬉しいです！
5.00,nothing,nothing,夫のお母さんにプレゼントしたらよろこんでもらえました！
5.00,20代,女性,【デザイン】ピンクでカワィィ♪【静音性】そんなものかと。【乾燥スピード】そんなものかと。【スタイリング】普通のﾄﾞﾗｲﾔｰ【使いやすさ】そんなものかと。【その他】冷風だと風量が弱しかない
5.00,50代,女性,以前に使っていたのが調子悪くて購入しました。なんの問題も無く使用しています調子いいですよ。
5.00,40代,女性,使ってるのが壊れたのですぐ送って頂き助かりました。色も可愛いピンクです。乾くのが早いし音も静かです。
5.00,50代,男性,軽くて、乾きも早いので満足しています、また音も静かなので、夜間遅くの使用も隣に気を付けなくてよいので問題ありません。
4.00,50代,男性,【デザイン】ノズルが豚の鼻みたいでおもろい。【静音性】やや静かな感じ【乾燥スピード】風量が更新前のものに比べ弱いような感じ【その他】イオン発生部からも風が感じられる？
5.00,40代,男性,今まで使用していたドライヤーが壊れたので即納可能分に的を絞って購入。決め手は可愛い色とパナソニックへの信頼です。風量、乾燥スピードともに満足しています。
4.00,nothing,nothing,ナノケアを使っていましたが１年もたたずに壊れたのでこちらを購入しました。軽く風量も強いですし何よりも安いので満足です。
5.00,20代,女性,とても軽いので持ちやすいです。直す時も折りたためるのでコンパクトで場所を取りません。イオンの効果はレビューにある程は分からなかったのですが、使い続けているうちに髪のまとまりが良くなりました。また、手触りも違うようで、サラサラだねと良く言われます。私はとても強い癖毛なのですが、これで渇かして寝た翌日はブローが楽ちんです。今では必需品です。色もちょっと派手かな？と思いつつもピンクを選んで良かった！
4.00,nothing,nothing,軽くて使いやすいです。マイナスイオンで艶も出るのでうれしいですね。ただＴＵＲＢＯにすると 音がキンキンしてやかましいです。今まで使っていた大きめの清音タイプと比べるとやかましい。ＳＥＴで使うしかないです。
4.00,nothing,nothing,ドライヤーとしては今まで使用していたものよりも乾きが速いように感じます。乾いた後の髪もいい感じです。（娘が、髪がパサパサにならないような気がするといい試してみたら、私も、そう感じました。）ベーシックなドライヤーで、使いやすいです。
5.00,40代,女性,思ったより、かわいい色でした。娘が喜んで使っています。イオンが出るタイプなので、気持ち髪が潤うような気がします。コストパフォーマンスとしてはおすすめです。
5.00,nothing,nothing,ﾄﾞﾗｲﾔｰが壊れたので速乾と前々から気になっていたイオン付きﾄﾞﾗｲﾔｰを探していました｡型遅れなのかな?とても安価で購入でき助かりました。小泉やｳﾞｨﾀﾞﾙｻｽｰﾝ等様々なﾒｰｶｰも安価で出ておりましたがﾋﾟﾝｸで可愛いお色と一緒に8百円位のﾎﾟｹｯﾄﾗｼﾞｵを購入し送料無料でした。一年保証書も付いており配送も早く御安いのでまたお願いしたいと思います＼(^o^)／
4.00,50代,男性,マイナスイオンタイプのドライヤーで値段の手ごろな商品を探していました。一応パナ製ですし、期待を込めて購入しましたが、マイナスイオンの効果は？でした。ナノイーだと効果があるのかもしれませんが、高すぎです。ただ、ドライヤーとしての機能は必要十分あり、満足しています。カタログでは風量が少ないかなと思っていましたが、しっかり乾燥させることができます。とってもコンパクトですし、なにより軽いです。
4.00,30代,女性,今までもパナソニック製のドライヤーを使っていたのですが、引越しに合わせて新調する事にしました。同じくパナソニック製の別の型番と迷ったのですが、低価格なのとピンクが可愛かったのでこちらを購入。ドライヤーですので轟音なのでは仕方ないとして、お写真通りの見た目で気に入っています。イオン効果でサラサラになるか？は…個人差もあるのでしょうが、これまも似たような商品を使っていたので差がわかりません（汗）特にこだわりがなければ、お値段的にも十分に満足できる商品だと思います。
3.00,nothing,nothing,イオンが出てくる事で、今まで痛んで居た髪の毛がなんとなくしっとりした感じの神に変身したような気分！
5.00,30代,女性,今までカールドライヤーで乾かしていたので、こちらのドライヤーを使ったらあっという間です。
4.00,30代,女性,色ガステキですが音がうるさぃ(泣)あと私が使う分ゎいーですが愛犬を乾かすのに時間かかりそです。
3.00,30代,女性,店頭で気に入ったのですが在庫がなくこちらで購入しました。料金は送料など含めてもこちらのほうが安かったです。持ち手の折り曲がる部分がきつく、少々力が必要です。癖っ毛の夫にはちょい風力が物足りないと言っておりますが、私にはちょうどいいです。髪にやさしい感じです。
4.00,nothing,nothing,自然乾燥するよりも髪にツヤが出るイオンドライヤーです。ただ、折りたたみの所が少し固いです。
4.00,nothing,nothing,コンパクトで軽量なので凄く使いやすい！ 価格も安く大満足！
5.00,30代,女性,実家でブルーを使っていたので使いやすさは大丈夫だろうと思い、同じものでピンクを買いました。乳幼児がいますけどそんなにうるさくないので普通に使っています。（静かでもないけどこんなもんじゃないかと）あとそんなに気にしてなかったけどこちらのレビューでみんな髪がさらさらになったとあったので気にしてみたらそういえばサラサラつるつるになったような気がします。パワーもまぁまぁあるので急いで乾かしたい自分にはむいている商品でした。値段も安かったし満足です！
4.00,30代,女性,１０年位使っていたドライヤーから、とうとう最近、焦げ臭いニオイが漂うようになり、限界を感じて購入。可もなく、不可もなく。普通のドライヤーでした。
5.00,30代,女性,髪の毛が伸びてきたので、ドライヤーを探していました。特に欲しい商品がなかったので、色々見ていました。こちらの商品は値段が手頃で、レビューも良かったのが決め手です。色はピンクにしました。可愛いです。使って2日目。確かに髪がしっとりまとまります。イオンチャージのお陰でしょうか。朝の寝癖もつきにくくなりました。肩よりちょっと下の長さですがだいたい5分程度で乾きます。もっと寒い時期に早く買って使えばよかったと後悔・・・。毎日愛用したいと思います。
5.00,20代,女性,パナソニックのイオンドライヤーを愛用しています。音はそんなに気にならないですし、風力も割と強めです。イオンの効果は、イマイチあるのか無いのか分かりませんが…。お値段も手頃なのではないでしょうか。おすすめです。
5.00,nothing,nothing,使いやすく 低価格で購入出来たので満足しています。
5.00,30代,女性,とても早く届きました家のドライヤーが壊れていたので助かりました。国内の有名メーカーでこの値段。イオンチャージなのでかなりお得でした。音は・・少し大きいですが室内で使うので特に問題はありません。
4.00,40代,女性,イオン効果を期待して購入しました。届くのが楽しみです。
3.00,50代,男性,値段の割りにいいようです。家内は満足してます。
5.00,30代,女性,コンパクトで持ちやすく、パワーもあるので髪の乾きが早いのが気に入っています。マイナスイオン効果で乾いた後もしっとりまとまる気がします。
5.00,40代,男性,十数年前の同社商品を使っていましたが、音が以上にうるさくなってきたため買い替えました。前の商品と比べて温度が低いように感じますが、乾きは早く音も静かです。イオンの効果か、髪の毛にコシができたようにうまくまとまるようになりました。髪の長い女性であれば違った評価となるかもしれませんが、ロン毛でない男性なら不満なく使えると思います。
5.00,40代,男性,使っていたマイナスイオン付のドライヤーの調子が悪くなり購入しました。軽くてシンプルで使いやすいです。値段が高くなると機能も多く重くなる場合がありますがこのドライヤーは一流メーカーパナソニック製で安価超オススメです。難点は音がちょっと気になりますが合格ラインでしょう。
5.00,50代,女性,お手軽価格・マイナスイオン・日本製というドライヤーを選ぶ条件を満たしてくれており、満足しています。
5.00,40代,女性,壊れたお気に入りのドライヤーの代わりを探して、急ぎでこちらの商品に出会いました。途中、近所の電気屋で やはり手にとって商品を買うべきだったかな！と、届くまで心配でしたが、十分なお品で大満足でした！！
4.00,50代,女性,シャンプの後で使っていますが、使い勝手がよく乾くのがとにかく早いので助かっています。お値段も手頃なのでお薦めできます。
5.00,nothing,nothing,さすがイオニティです。よく髪が乾くし、髪がしっとりします。
5.00,30代,女性,子供の旅行用に購入しました。軽くていいです。ピンクを買いましたがかわいいです。
5.00,nothing,nothing,以前のイオニティーが潰れたので新しくかいました。以前のよりは小さくてパワーも少し落ちるけど使いやすく毎日、愛用しています。
5.00,nothing,nothing,すぐ着きました。早く乾きます。音は少々うるさいですが全く気になりません
4.00,nothing,nothing,軽くて使いやすいです。色もかわいいし 気に入りました。そして、音も 静かめだと思います。
4.00,40代,男性,イオンチャージにしては、手頃な価格で結構しっかりしているので、お買い得だと思いますよ。娘も喜んでいます。
4.00,nothing,nothing,ナノケアのドライヤーが突然壊れ、慌ててドライヤーを買いました。ナノケアのドライヤーに比べ乾かす時のパワーは落ちますので、早く乾かしたい方、髪の長い方には、お勧めできませんが、このお値段で買えるなら、お徳だと思いますちなみにピンクを買いましたが、可愛い色ですよ。お店の対応も早く注文した翌日には届き、大変助かりました。
5.00,30代,女性,ずっと使っていたドライヤーが壊れてしまったのでかねてから欲しかったマイナスイオンドライヤーを急いで探しました。有名メーカーのドライヤーがこのお値段で買えるとは嬉しい驚きでした。ミニサイズですがパワーもあり私には充分です。髪は肩に付く程度の長さですが、すぐに乾きます。マイナスイオンについては、すぐに「これは良い！」と言うほどの違いは感じませんが、少しパサつきはましになったような…。毎日使っていくうちに変わってくるのかな〜という程度です。
4.00,nothing,nothing,多少髪を乾かす時間が短くなったきがします。この大きさでなら こんなものだと思います。少しさらさらになってきた 気はするんですが・・・。
2.00,40代,女性,音が大きく、強弱の差が大きすぎるような気がします。三段階くらい必要かなぁ・・・値段的に見ても量販店で吟味したほうがいいかも・・・
5.00,20代,女性,今まで使用していた、ドライヤーは１万ぐらいしたのですが、風量が弱く乾かすのに時間がかかりました！長さは肩下ぐらいですが、イオニティに変えてからターボモードで乾かすと時間が半分位になりとても嬉しいです！たまに地肌が暑い〜とも感じます。送料を入れてもお安いし、とてもお勧めです！高いばかりが能ではないですね。
5.00,nothing,nothing,以前使っていたのが壊れたのでこちらを購入。家族みんなの意見が【乾くのが早い！】で一致。使っているうちにサラサラしてきます。買ってよかった。
5.00,30代,女性,このお値段でとても気に入ってます。ﾊﾟﾜｰもあり、かわかすのに時間がかからないのがいいです。
5.00,20代,女性,今まで使っていたものが壊れたので買い替えです。ナノケアと迷ったのですがレビューで値段ほどでもないという意見が少なからずあったので、こちらのイオンドライヤーに決めました。イオンが別口から出るのでどういうもんだと思っていたのですが、値段以上の仕上がりで髪がさらさらします。
4.00,nothing,nothing,軽くて小さくて場所をとらないのがいいです。音もそんなにうるさくありませんでした
5.00,40代,女性,pinkの色がかわいらしくてよかったです。風量も十分でよく乾きます。
5.00,nothing,nothing,急にドライヤーが壊れ、慌てて探して購入しました。色は無難にシルバーです。慌ててたので、注文してから「お店に買いに行った方が早かったか？」と後悔しましたが、発送が早くすぐに届きました。子供の髪を乾かすのに必要なので助かりました。
5.00,30代,女性,長年使っていたドライヤーが壊れたので購入。イオン仕様でこのお値段はお安いです。髪の毛、サラサラでツヤも出ます。コンパクトで持ちやすく、折りたためて収納もしやすいのも良いです。
4.00,20代,女性,使っていたマイナスイオンドライヤーが壊れたので、購入しました。ナノイオンと迷いましたが、お店で実際に見たりして、大きさと値段を考えて、こちらのタイプにしました。以前使っていた日立のマイナスイオンドライヤーもさらさらになりましたが、こちらもしっとりして良いドライヤーだとおもいます。お店で買うより、値段も安かったので、こちらで購入しました。大きさ・風量・音は、ネットで買うと解らないので、電気屋さんで実物を見てから、ネットで買うのをおすすめします。ちなみに、このドライヤーの個人的な感想は、大きさ、コンパクト。風、適度に強い。音、静かではないけど、一般的なドライヤー並。
5.00,30代,女性,実物と値段をリサーチし、検索すると送料をお支払いしてもこちらの方がお安かったです。ピンクを買いましたが、可愛い色です♪マイナスイオンの効果はよく分かりませんが、すぐに髪が乾きます。
5.00,20代,女性,使ってたﾓﾉがいきなり壊れたので、急遽ｺﾁﾗのｼﾙﾊﾞｰを購入しましたヽ(´Д｀;)ﾉ安くて小さいわりにはけっこう馬力？もあるし、なかなか良いﾃﾞｽ。髪もよくまとまります( *´艸`)小さいので置き場所にも困らないし良いﾃﾞｽ。
4.00,nothing,nothing,TURBO機能は音がうるさいのであまり使っていません。set機能だけで髪を乾かしています。
4.00,30代,女性,実家から「ドライヤーが壊れて困ってる！」と連絡があり、値段、レビューのバランスが良かったこちらの商品を選び送りました。使いやすいとのことです。
5.00,60代,女性,いつも使っていたドライヤーが急に壊れて、レビューもよかったので、あわてて購入。イオンドライヤーも今は安いんですね。
5.00,nothing,nothing,松下という信頼できるメーカーでこの値段、マイナスイオンが出るという機能つきでとってもお買い得です。
4.00,nothing,nothing,お手頃価格のドライヤーを求め、シルバーを購入しました。まだ使い始めて日が浅いですが、マイナスイオン効果なのか使用前よりも髪の跳ねが収まり、しっとりまとまる感じです。イオンチャージを握る握らないの違いは未だ実感できませんが、なかなかいい買い物だったと思うので星４つ。対応は比較的迅速でした。ありがとうございます。
5.00,30代,女性,ナショナルのイオニティがこのお値段!!とってもお買い得だと思います◎同じ商品を送料込みで売っているショップもありますがここが送料を払ってもお安いです。前に使っていた他社のドライヤーよりも髪がしっとりするし、イオニティはでっかいイメージがあったけどこれはコンパクトで旅行にも持って行きやすいです。このお値段でこの機能なら大満足です♪
5.00,20代,女性,ドライヤーにはこだわりがなく、今まで姉から譲ってもらった９８年製のドライヤーを使っていました(笑)髪がさらさらになるというマイナスイオンドライヤーが欲しくなり始め検索したら、ドライヤーって意外と高いと感じました。。。いいものは大きくて重いイメージがあるので、小さくてお手ごろなこのドライヤーを見つけ、ポイントもたまっていたので思い切って購入！乾きが早いし、髪が多くて落ち着かない私の髪がさらさらになりました☆時間がないからといって自然乾燥しがちですが、これからはきちんと使いたいと思います(^^)♪
4.00,20代,女性,使い始めは、むしろ髪がきしんでしまって、失敗したな･･と思っていましたが、使い続けるうちに効果が出てきました。さらさらです。いつかナノケアドライヤーが欲しい！
4.00,20代,男性,値段も手ごろでオススメです。家族で使ってます。
5.00,20代,女性,以前使っていたものが壊れたので購入しました。一番おどろいたのは髪がすごく早く乾くこと！でも熱すぎるとかいったことはありませんでした。もちろんイオン効果で乾かしたあとの髪のまとまりもよくて、大満足です。
5.00,nothing,nothing,ピンク購入。イオンチャージの効果なのか、使い始めた日から心持ち髪の毛がしっとりするようになりました。あまり聞いたことのないメーカーの物を買ったら購入した日に壊れたことがあるのですが、松下電工のものは違いますね。問題なく使ってます。見た目もかわいいし、購入して満足してます。
5.00,20代,女性,マイナスイオンドライヤー、初めて使いましたがよかったです。以前簡易なものを試用していただけあって、風力、調整、がきくので良いです。ただ、不器用なので自分のやりかたが下手なのか、そこまで髪質は変わらない気もします。
4.00,30代,女性,今更ですが、イオン初体験です。軽量・小ぶりがいいなぁ〜っと思い色々検討しこれに決定。使用後も本体が熱くならない点も気に入ってます。イオンに関しては初めてなので比較できません。。
5.00,nothing,nothing,今回、友人へのプレゼント用に利用をしました。
5.00,30代,女性,この商品が欲しくて近くの量販店でもみたのですが、ここのほうが安かったので注文しました。イオンチャージというのが本体の上のところについてて、意味があるのかな、、と思ったのですが確かに家にある他のイオンドライヤーよりしっとりしました。買ってよかったと思います。おすすめです。
5.00,20代,女性,ほんとに髪の毛がしっとりする。普通のドライヤーと全然違う。私の髪は傷みすぎてて普通のドライヤーで乾かすといつもキシキシになるのですが、このドライヤーなら安心して乾かせます。高いの買おうか迷ってたけど、これで十分！
5.00,40代,男性,この値段で、この商品はなかなかいい物です。いい買い物させていただきました。
5.00,30代,女性,マイナスイオンドライヤーはとても良いと思います。
5.00,20代,女性,★★★【ネットで買うほうが安い！】７年愛用したドライヤーが、とうとうダメになってしまったので、イオンもののドライヤーに手を出してみました！彼の家にあったドライヤーが、これよりワンランク下のものだったけど、かなりツヤツヤ＆早乾きだったので、イオンチャージのあるこっちを購入！安さに驚き！★★★
5.00,30代,男性,初めてイオンチャージ機能付ドライヤーを購入しましたが、今までと髪のツヤ・感触がぜんぜん違います。もうこれからはイオンチャージしか使えません！！
5.00,30代,男性,非常に本体が軽く良好です。いいんじゃないでしょうか。
5.00,30代,男性,７年前にアピタで買った訳の分からないメーカーのもの使っていましたが、これにかえて良かったです。乾くのが早くて、何となく潤いが、、、もっと高性能のもの買おうと悩みましたが十分でした。
5.00,30代,男性,天然パーマの方におすすめ。雨の日のクリクリなるのも落ち着き､乾燥した日のハネも無くなりました。値段も安いですし､松下製品ですから安心して使ってます。
5.00,30代,女性, 確かにもっとスゴイ機能が付いているものもあります。が、コレでも充分髪質が良くなりました。 腰まであるロングヘアですが、ヘアトリートメント無しでもかなり良い状態です。 騒音もさほど気になりません。何より軽くてコンパクトなので、ロングヘアを乾かしても疲れません。「とりあえずイオンドライヤー」をお探しなら、性能・コスト両面でオススメです。
5.00,20代,女性,折りたたみ式で持ち運びも便利！！前に使っていたドライヤーより、髪がまとまりました。しかも、安いし、いい買い物したなぁと思います。
5.00,40代,男性,【デザイン】結構コンパクトで、かわいらし感じです。【静音性】普通です【乾燥スピード】良いです【スタイリング】結構気に入ってます【使いやすさ】使いやすいです。【その他】見た目は小さいですが、それなりにパワーがあると思います。大変満足です。
5.00,nothing,nothing,以外に風速があって乾きます。男性は満足いくものであると思います。
4.00,nothing,nothing,音はあまり静かではないですが、まとまりやすい髪の毛に乾きました。
5.00,nothing,nothing,前使っていたドライヤーが古すぎなのか？これを使ってから、髪がさっらさら〜！乾きも早いし、音も割りかし静かで、重くないし、よし！買ってせいかーい！
4.00,nothing,nothing,格安だしコンパクトでとても使いやすです！
5.00,30代,女性,以前使っていたドライヤーよりも乾くのが早いような気がします。使いやすいです。
5.00,nothing,nothing,変わったデザインで音はヤヤ静音パナソニックでこのお値段で買えるのは十分だとおもいます
5.00,nothing,nothing,少し音が大きいですがすばやく乾くので重宝してます
4.00,40代,男性,コンパクトで使いやすいです。少し音が大きいのが気になります。夜遅くの使用は注意しましょう。
5.00,30代,女性,コンパクトなので乾かすのに時間かかるかなと思ったんですが、以前使ってたものとかわりなく乾くので良かったです。
5.00,30代,男性,ロングなので、短時間で乾くのが第1で、軽くて、機能はシンプル、なるべく痛まないもの…と言う希望はクリアしました。また、入院中なのでコンパクトで軽いと言う点も良かったです！ターボは若干力不足？と感じなくもありませんが、毎日に支障ないですし、お安い。総合してシンプルで満足できるお買い物になりました！
5.00,nothing,nothing,使っていたドライヤーが壊れたため、すぐに検索してよさそうだったので急遽購入しました。たためるので、旅行用としても◎です。
3.00,nothing,nothing,手頃な値段で、マイナスイオンドライヤーが買えました。大きさはコンパクトで持ち運びには重宝しそうです。いい買い物をしました。
5.00,nothing,nothing,10年使ったドライヤーが壊れたので購入しました。音もうるさくなく、パワフルで髪の乾きも早いです。収納もコンパクトになるので場所を取りません。満足です。
5.00,nothing,nothing,５年ほど使っていたイオニティのドライヤーが乾きにくくなってきたので、購入しました。風量もあり、今まで使用していたものより格段に軽いので、気に入っています。
4.00,20代,男性,とても気に入りました。小さくて使いやすかったです。
4.00,10才,満/,注文してから約4.5日で届きましたー( &#8226;&#768; .&#811; &#8226;&#769; )今夜から使うの楽しみですー(｡&#9740;&#7447;&#9740;｡)
5.00,30代,女性,コンパクトなのにパワーがあり、忙しい朝の必需品になりました。
5.00,50代,女性,同じようなのを、まえに、購入してたので、使いやすいです、髪も、サラサラになって、いい品物です、
5.00,nothing,nothing,以前使用していたドライヤーがいきなり壊れたので、新たに購入。以前の物に比べてとても軽いです。風量もさほどかわりないので、問題なく使用できています。折りたためてしまうことができるのものを探していたので、この点も◎。長く使用できるといいな。
4.00,20代,女性,音がちょっと大きいかな？値段が安いし、使いやすいと思います。
5.00,nothing,nothing,安くてもしっかり作ってあってとても良いです。風量が有って良いです。
5.00,30代,女性,コンパクトに折りたためるので場所をとりません。マイナスイオンドライヤーでパナ製。この価格なら満足です。
5.00,40代,女性,【デザイン】シンプルでイイ！【静音性】静か…ではないですね。高音でオモチャっぽい。     けど、慣れれば別に気にならない程度かと。【乾燥スピード】とにかく早い！        セミロングですが、３分ほどでイイ感じです。【スタイリング】サラサラになります♪【使いやすさ】コンパクトでこのパワー！すごく使いやすいです。       さすが、パナ！！！【その他】少し匂いが気になると他の人のレビューにありましたが、私は嫌な匂いではないです。むしろ目に見えないイオンパワーを感じる（笑）デザイン性・機能性・価格・使用感…どれをとってもイイです！本当に買って良かったです。
5.00,nothing,nothing,子どもがピンクなら自分からやると言って喜ぶかなと思ったのですが、まだ親が髪の毛を乾かす必要があったのと、長い間にしばしば目にするものなのでホワイトを購入。正解でした！清潔感はあるし、クリア部分のグレーも品がありました。髪の毛を乾かすのが楽になったのと、このお値段でイオン付きのものが購入できて大満足です。やはり折り畳みができるドライヤーは良いですね。場所も取りません。
5.00,nothing,nothing,【デザイン】【静音性】スマートです【乾燥スピード】とても早いと感じます。【スタイリング】使いやすいので決まります。【使いやすさ】軽いので大変使いやすいです。【その他】思った以上に活躍しています。ドライヤーですからそれなりに音はします。
4.00,60代,男性,今使用のドライヤーが急に動かなくなり、急きょネットでさがし今回のイオンドライヤー注文しました。 デザインもよく気にいってます。注文して、３日位で届きたすかりました。
5.00,50代,女性,小さいけれど、バワーが、あり、使いやすいです。これから、ヘビロテです。
3.00,nothing,nothing,某量販店で下見して購入しました。送料込みでも1000円近く安かったです。子どもでも使えるように小型を選びましたが大丈夫そうです。新品のせい？か少し臭いが気になります。ロングヘアの方は物足りなさそうな風量ですね。値段なりかなーという感じですが、うちには使い勝手が良いので気に入っています。
5.00,40代,女性,10年以上使っていたドライヤーと比べるのもなんですが、乾くのが速いです。髪が短いのでよくわからないのですが、サラッとした感じで乾くような気がします。とにかく早く乾くのが嬉しかったので★５です。
5.00,40代,男性,今まで使用していたものが調子が悪くなり購入。風量は満足していますが、音が少し大きい（高音？）が気になりますが満足しています。
5.00,60代,男性,マイナスイオンドライヤーが欲しくて色々探してみましたが、ほとんどの商品が大型で、重いため使いにくく、妻や娘には不評でした。この商品は軽くて、小回りが利くので、家族にも好評で、買って良かったと思っています。
5.00,nothing,nothing,安くで買えてよかったですが、長さを調節するのにボタン式じゃなかったのでちょっと面倒です。
5.00,nothing,nothing,ロングになって傷みが気になってました。初めて使って、髪の毛がトゥルン♪としました。買って良かったです。
4.00,nothing,nothing,石油ファンヒーターと併せて購入しました。メーカーさんには少し不安を感じましたがショップさんが信頼出来るので購入しました。メーカーさん期待を裏切らないでと言う思いでこの評価にしました。
4.00,nothing,nothing,価格のわりに良い出来だと思います、風量も十分です。
5.00,nothing,nothing,すぐ届きました。パナソニックのドライヤーが安く買えてうれしいです。1万くらいすると思っていたので。マイナスイオンなのかちょっとにおいはしますが、すぐ乾きます。
5.00,nothing,nothing,家のが古くなったので買い替えました。コンパクトなので旅行にも持っていけそうです。デザイン、金額共に満足です。
5.00,nothing,nothing,今までイオンのドライヤーは使っていましたが、これを使い始めてすぐ髪の毛がツヤツヤになってビックリ！！オススメです！！
4.00,nothing,nothing,ホットドライは風量もあり良いのですが、なぜかクールだと風量が減ります。
3.00,50代,女性,値段にひかれて購入しましたが、音が大きくて夜中に使うのに気を使います。軽いので扱いやすいのはいいですね。イオンの効果は今のところ実感できていません。
4.00,30代,女性,小ぶりで軽くて使いやすいです。主人は丁度良い様ですが、私はもう少しパワーがあると良い気がしてしまいます。
5.00,nothing,nothing,ドライヤーの値段ってずいぶんと安くなりましたね。イオン対応が当たり前です。
5.00,40代,男性,外国製ですが信頼の有名メーカー製。ちょっと音が耳障りとかSETとTURBOの中間の風量が欲しいとか希望も有りますが、この価格を考えたら全然問題なし。優良商品です。髪を乾かした後、髪の手触りがしっとりした感じがするのはイオンの効果でしょう。買ってよかったです。
5.00,nothing,nothing,安くて、パワーあって、イオン有り、小型…最高です。自分には(^_^)
4.00,nothing,nothing,軽く使い易そうです。石油系の臭いがしましたので星4としましたが、このお値段でお得だと思います。長持ちに期待。有難うございました。
3.00,30代,男性,送料合わせについでに購入しましたが、他レビューでは良さそうだったので期待してます。
5.00,50代,女性,サイズもコンパクトでショートヘアーなら十分な風量です！この価格でこの商品なら満足！
5.00,50代,女性,娘が合宿などに持って行くために購入。今まで旅行用に使っていたのはもう少し小さ目のドライヤーでした。 これはちょっと大きめですが、風量が全く違うと云う事で、実店舗の店員さんの一押し商品です。色違いでゴールドも購入しましたが、下の娘は白を選択。 ゴールドは一人暮らしの上の娘に送りました。２人とも、満足しているようです。
5.00,nothing,nothing,10数年前から使っているドライヤー、最近焦げ臭いかなと思い分解清掃しましたが数日でまた焦げ臭い・・・。高いものもありますが乾けば良いと同じメーカーのこれを購入。風量も十分で良く乾き、セットもしやすく気に入りました。使い始めのためか歯医者さんのようなニオイがしてますが。受注番号：247201-20130707-0767720241
5.00,50代,男性,以前購入して髪の乾きが速いのと、マイナスイオンのおかげか、髪が傷まない気がして出張用に買いました。
5.00,nothing,nothing,(金)に注文して、日曜日に届いたと思います。はやくてたすかりました。梱包もしっかりしてくれてました。早速使っていますが、髪が柔らかくツルツルします。風は前に使っていたものより弱いですが、髪の毛には優しい気がします。
5.00,50代,男性,普通のドライヤー以上の価値があると思います！
5.00,50代,女性,ドライヤーが壊れてしまい早めの発送をお願いしたらすぐ対応して頂いてとても助かりました。パナソニック日本製でお安くて助かりますね使い心地も良いです。コンパクトで色も白でお気に入りです。ありがとう御座いました。
4.00,40代,男性,以前使っていた パナソニックのドライヤーが壊れたので 買い換えました。あまり進歩がないですね。音も 風量もそれなりです。値段もそれなりだけど これでは別にパナソニックでなくても良いですね。他のメーカーなら そう少し安い物がありました。ドライヤーは消耗品と割り切って 次回からは 他のメーカーの物を買いたいと思います。
5.00,20代,女性,風量もよく、思ったよりサイズもコンパクトで使いやすいです。髪がよく乾きます。
5.00,40代,男性,【デザイン】  シンプルでかっこいいと思います。【静音性】 結構静かです。【乾燥スピード】  ターボを使うとかなり早いです。  短い髪の方は、すぐ乾きます。【スタイリング】   よくわかりません【使いやすさ】  使いやすいと思います。【その他】   イオンが出ているということですが、   よくわかりません。   総合的には、安くていい商品だとおもいます。
4.00,50代,男性,軽くて使い安い。風力も適当に強力です。
4.00,nothing,nothing,音や機能は予想通りで普段使いにはちょうどいいです！旅行なんかに持っていくサイズではないものの軽いので頑張れば荷物に入れられちゃうかな？(笑)
5.00,20代,女性,今まで、その値段でそんなにいいものだと買えるなのは考えません.品質凄くいいです。大お買い得品です。
3.00,nothing,nothing,一ヶ月半前にヨドバシカメラ実店舗で購入したが急に焦げ臭い。修理出すのも面倒で、改めてまた買いました。使いやすいし、軽いのでいいんだけれどハズレる可能性がある、ドライヤーです。
4.00,30代,女性,今使っているドライヤーが重くてこちらを購入しました。軽くていいのですが、髪の長い私にはちょっと乾くまで時間がかかります。もっと風圧があった方が良かったですね。でも使いやすいので★４つで！
5.00,40代,男性,お買い得感満載。値段の割に機能的。気に入りました
5.00,40代,男性,同メーカーの物を使用していましたが、使用しているときに焦げ臭くなったので購入しました。若干髪の毛を乾かす時間が短くなったように思えます。パワフルです。
5.00,30代,女性,使用してたものが壊れたので買い換えました。10年ぶりくらいです。一応マイナスイオンドライヤーだったのですが、今のは全然違うんですね。軽いし、静かだし、すぐ乾きました♪ありがとうございます。
5.00,nothing,nothing,メーカーもので、お安くしっかり保証もついていて安心しました。コンパクトで軽くて音も消音で使用しやすいです。
4.00,30代,女性,家で使っていたドライヤーが壊れたので買いました。小さいのでパワーがあまりないですが乾かすにはこれで充分です。後ろの吸い込みが思ったより強いので髪がやや長い方は吸い込み口に髪が入ってしまうので気をつけてください。
5.00,nothing,nothing,これまでくるくるドライヤー（テスコム）で乾かしてましたが、家族からうるさいとの苦情があり、乾かし専用を購入することにしました。音の大きさは同じようなもんですが、乾くのは何倍か早い気がします。もっと早く買っとけばよかった。
4.00,nothing,nothing,ホワイトを購入しました。素早い対応で助かりました。有難うございました。
3.00,nothing,nothing,【デザイン】   ☆☆☆☆【静音性】    ☆☆☆【乾燥スピード】☆☆☆【スタイリング】☆☆☆☆【使いやすさ】  ☆☆☆☆ "価格．com" のランキングを見て決めました。
4.00,30代,女性,小さいけれどパワーがあり満足しています。値段がもう少し安ければ…と思い星４つにさせていただきました
4.00,nothing,nothing,ドライヤーが壊れた相方用に急遽必要になり、購入。コストパフォーマンスが良くて助かりました
5.00,30代,女性,適度にコンパクトで、機能もデザインもシンプルで良いと思います。ホワイト（モノトーン）な物を探していたので、理想的な商品に出会えました。
5.00,nothing,nothing,毎日使い物でナカナカ壊れないドライヤー。何年物か分からないくらいに使い続けてきたドライヤーから変なにおいがし始めたので購入しました。値段と性能は一致しないのか？いやいや、お値段以上の性能でとてもよい買い物になりました。省エネ時代の今だからこそ、短時間で乾かせるドライヤーはエコかもしれないですね。エコなら自然乾燥？かもしれないですが。家族で毎日使っています！これから数年使えますよーに。
3.00,30代,女性,風量は十分！マイナスイオン効果は・・・？？？値段が安いので仕方ないかな！
5.00,50代,女性,コスパ良し！風量も握り手も申し分なし！良い買い物が出来ました。
5.00,nothing,nothing,ドライヤーが必要になり急遽購入。とてもお安く買えて大満足です。
4.00,nothing,nothing,このお値段でイオニティが買えると思っていませんでした。今まで使っていた上位機種のものと比べると、音が少しうるさいかな？と思う程度で特に不都合はありません。大きさもコンパクトでいいと思います。
5.00,50代,男性,最新型のひとつ前の商品でしたが、安く購入出来たのもあり、これで必要十分でした。
5.00,40代,女性,価格com等のレビューで事前にチェックし中程度で軽いドライヤーを、と探してこの機種を最低価格だったこのショップで購入。「マイナスイオン」「ナノ」の効果や弊害など賛否両論あるようですが、これまで７年使った「マイナスイオンドライヤー」と使い心地を比較すると「マイナスイオン」の性能も乾燥の性能も格段に違うと実感しました。シャンプーとコンディショナーしタオルドライした髪を乾かすだけの目的です。あっという間に乾き手触りも良いし、その手触りが持続。スタイリング等しないのでこの機種で十分満足しました。毎日長時間ドライヤーしないので弊害もそんなに神経質に気にしないで良さそうな気がします。使い始めはケミカルな臭いがしましたが使ううちになくなると思えます。
4.00,nothing,nothing,軽くて風量もあり色もきれいで使いやすいと思います。
5.00,40代,男性,自宅と同じドライヤーが欲しいと言われ、アパート暮らしの娘の為に購入しました。自宅と同じ物が欲しいと言う位なので、良い物だと思います。
5.00,nothing,nothing,ドライヤーが壊れていて、古いものを使用していましたが、やっぱりマイナスイオンがあると乾かした後の髪の毛の指通りがするするとしています。
5.00,nothing,nothing,安いですが、やはりパナソニックだと思いました。今までの３流メーカー品では、髪形のセットの状態が驚くほど変わりました。びっくりです。
4.00,50代,女性,自分用だと少し小さいので非効率化と思いますが、息子用なのでちょうどよかったです。コンパクトな方がいい方には満点だと思います。
5.00,nothing,nothing,【デザイン】コンパクトですっきり【静音性】あまり気にならない【乾燥スピード】普通【スタイリング】熱が強すぎることがなく 以前持っていたドライヤーにくらべ柔らかい仕上がり。【使いやすさ】【その他】
4.00,30代,女性,シンプルで使いやすい商品でした。音も思ったより静かで風量もなかなかあるので気に入ってます。
3.00,40代,男性,静音ですが、風量が少ない感じです。乾きが遅いです。
5.00,nothing,nothing,家族で使用しています。小型ですがターボにすると1200ｗあり風量も問題ありません。Panasonicという信頼感もあり長く使用できそうです。
4.00,nothing,nothing,とにかく軽くて使いやすいです。コンパクトだからしまうときに邪魔にならないから気に入ってます！
5.00,nothing,nothing,安心なお店で安く購入できてよかったです！また機会があれば他の商品も購入したいです！
4.00,20代,女性,この価格でこのサラサラ効果はすごいです！軽いし、デザインも気に入りました！翌朝もサラサラで髪のセットが楽チンになりました！
5.00,nothing,nothing,値段の割に風量が多く髪の乾きが速いです。イオン効果があるのか以前のドライヤーより髪のサラつき感を感じます。
5.00,60代,男性,妻が使用していたドライヤーが故障した為、この商品を購入しました。音も静かで風量も十分だと、好評でした。送料込みの価格だと、もっと良かったのですが満足しています。
5.00,40代,女性,20年近く使用していたドライヤーからの買い替えです。綺麗なホワイトで性能も問題ありません。音は、これまでのドライヤーよりは多少静かかな、という程度。上部からマイナスイオンが出ていますが、数日経った頃から乾燥後の髪に艶が出てきたような気がします。お値段もお手頃で満足しています。
5.00,30代,男性,親にプレゼントしたのですが、軽くて使いやすいと言ってました。
4.00,nothing,nothing,小さいドライヤーながら、速乾性で音も小さく大満足しています。イオンも出ているせいか、髪の毛もしなやかです。
4.00,40代,女性,イオンってわかりませんが 長く使っていたドライヤーからの買い替えでこんなものでしょう。
5.00,nothing,nothing,写真より少し小さいイメージですが、コンパクトで軽くて使い易いです。風量も満足なレベルで、髪がすぐに乾きそうです。買って良かったです。
4.00,nothing,nothing,乾かすことを目的にするならこれで十分です。
3.00,nothing,nothing,価格相当の商品だと思います。家で使用するには風量が足りないと思います。
5.00,30代,女性,デザインもシンプルで気に入っています。（重さも軽いです）風量も満足です。（ショートカットなので）音も静かですし、温風が優しく感じます。お値段もお安いですしパナソニックなので安心感があります。
4.00,nothing,nothing,コンパクトで使いやすいです。マイナスイオンについてはよくわかりません。
5.00,30代,男性,定休日？だったのかな？でも快く対応していただきありがとうございました。商品及び手続とても迅速有難うございました。
5.00,30代,男性,日常品の故障交換でした。安すぎるのも心配なのでとりあえずのパナソニックで。風量、騒音、デザイン。。。いわずもがな問題ありません。
4.00,30代,男性,折り畳めるので置き場所は困りません。軽いので使用していて疲れません。マイナスイオンの効果はよくわかりませんが、風量は少し弱く乾くのに時間がかかる気がします。音は割と静かな方ではないかと思います。
4.00,nothing,nothing,家族のドライヤーが壊れたため購入しました。特に問題はないようです。効果についても特に言ってきませんが……ｗ
5.00,50代,女性,まだ使っていませんが、一緒に買った色違いはとっても良く、お店の対応もバッチリなのでので☆５つにしました。
5.00,20代,女性,レビューを見て即買いしました。一人暮らしのために購入しましたが、小さい割りにすぐ乾く(ボブ)感じがします。軽いし乾くしいいです。
5.00,20代,男性,友人がドライヤーを買い替えたいということで購入安価ですがよく乾き満足しているそうです。
5.00,30代,女性,値段とレビューを見て購入しました。実際に使ってみると、髪がさらさらになりますし、以前使っていたものより早く乾きます。大満足です！
5.00,nothing,nothing,12/3の01時〜02時の時間限定のすまいのコンビニというショツプの2400円を時間と同時に注文入力するも3色同時に売り切れ表示、瞬間的に売り切れとは何台用意かは不明だが悪徳ショツプと言わざるを得ない苦慮していたがほぼ同価格でこちらのショツプで発見、3000円以上で送料無料必要品を追加して条件を満たし購入、今回はカード払いしたがこちらのショップは代引き手数料も無料、さすがは広域家電量販の通販ショップ安心、良心的である。次回から客寄せのインチキショップの時間限定販売は無視します。
4.00,nothing,nothing,軽くて使いやすいです。女性にもオススメです。
4.00,nothing,nothing,いつも埃が内部に入ってしまって故障するので、評価のいいこの商品を選びました。後ろ部分の網目が細かいので埃が簡単に手で取れます。毎日使った後に埃をチェックして取り除けるので、すごいと思います。まだ使用期間がどれくらいもつのかわからないので、マイナス一個。
4.00,30代,女性,旧モデルから買い替えです。適度にコンパクトで機能もシンプルで使いやすいです。届いて最初に子供の髪を乾かしていたら『なんかくさいよ〜』と言われました。我慢出来ないという事はありませんが、確かに風が機械臭かったです。最初だけであることを願います。自分で使ったみると、髪がいつもよりしっとりしてまとまっていたのでマイナスイオンの効果はきちんとあると思います。コスパも含めて☆４つです。
3.00,50代,男性,コンパクトで、たいへん使いやすいで〜す。
5.00,30代,女性,風のパワーが凄いね♪って言われ、大変喜ばれました。お値段がリーズナブルで良かったです。
3.00,30代,女性,２０年ほど使っているドライヤー。いい加減新しいのを買おうと思っていたところ眉毛シェーバーが行方不明になり購入。送料無料にするためにこちらも購入。今まで使っていたものよりターボでも風力が弱いのですが、まあ乾けばいいので。気持ちの問題って感じのイオンも、案の定実感なし。でも新しいものはうれしいです。
4.00,30代,女性,以前もパナソニックのマイナスイオンドライヤーを使っていましたが、壊れてしまい、こちらを購入。やっぱり髪がまとまりやすくていいですね！お値段もずいぶん安くなっていて大満足。不具合があってもコジマさんなら、店舗もあるし、対応してくれるから、安心です。音が予想より大きかったので、星一つ減点かな。
5.00,40代,男性,他サイトで人気があったので購入しました。
5.00,40代,女性,実家の母が使っていたドライヤーが壊れてしまったと言うのでプレゼント用に購入しました。「年だから髪の毛の量も少ないし、高機能じゃなくて良いから軽いのが良い」との事だったので、いくつか候補があった中からこれを選びました。最後はメーカーがパナソニックというのが決め手でした。コンパクトに２つ折りにできる点と軽いという点で良かったと思います。70代で髪の毛の量が随分少なくなってきている上に髪の毛の長さが肩につくかつかないか程度の母なので、多分乾かすまでに５分もかからないのでは…と思います。自分が使うわけではないので、細かい評価ができなのですが…。
5.00,40代,男性,ドライヤーが壊れたので買い替え、セットの送風力、ターボ付、短髪なのでこれで十分の性能、メーカー品であり、この金額で十分満足しています。
5.00,40代,男性,旧型からの買い替えです。乾くのが多少早く感じます。マイナスイオンもついているのも良いです。
3.00,40代,女性,大きさも使いやすくよかったです。ただ、音が思っていたより大きかったです。
4.00,40代,男性,今までのが大きくて重かったので、少し軽くて、イオン付きで、風量そこそこ、できれば静かなもので3000円程度、という条件で探しました。軽さ、大きさはOK。音は少しうるさいかな。風量はもう少し欲しい気もしますが、実用には問題ないです。
5.00,40代,女性,母のドライヤーが調子悪くなったので、軽くて早く乾きイオンがでるタイプをさがしていました。近くの電気屋さんより安く買え嬉しいです。とても使いやすいです。
3.00,30代,女性,今まで使ってたものより風が弱い感じがしますが、乾きにくいということはありませんでした。音も今までのよりは小さいです。色々使ってるわけではないので、あまり比べられないですが。イオンタイプは初めてですが、サラサラになる気がします。コンパクトでシンプルで簡単で、使いやすいと思います。値段は買った後に、次々と特売が出てきましたが…これはしょうがないですね。
5.00,40代,女性,ウチのドライヤーが壊れそうなのでバリカン購入と一緒に…。お店のレビューが良かったのとPanasonicが激安で悩まず即買いしちゃいました♪最初こちらのミスで連絡したところ親切！丁寧に迅速な対応をしていただき感謝します。ありがとうございました。商品も！こちらのお店も大満足です♪オススメのお店です!(^^)!
5.00,30代,女性,重量も軽く、音も大きくないので、選んで大正解でした。やっぱり信頼できるメーカーの商品だと安心して使えます。
5.00,50代,女性,前はテスコムのを使用していたのですが、先日パッチと火花が飛び散った後機能しなくなり壊れてしました。、たった１年半しか使用していないのに・・・で、すぐに注文。やっぱりパナソニックがいいかなと思い、購入を決めました。思っていたよりコンパクトで使い勝手も良かったです。パワーは前の方が強かったと思うのですが(風力)乾きは意外と速いです。今度は長持ちしてくれることを祈っています。
5.00,40代,男性,以前はコイズミの1200W(8年ほど前のもの)でしたが、それよりは若干パワーが物足りませんが、静音性と髪へのダメージ抑えのバランス取りだと思いますので、パワーとのトレードですね。むしろ、これくらいのパワーで充分かと。本体も白(パール塗装)で高級感あります。吹き出し口が固定ですが、可動だともっと良かった。総じて良い品です。
5.00,nothing,nothing,前イオンドライヤーを買ったのは久々なので、他がどんな感じか忘れましたが、ニオイが少しありますね。でも、髪はサラサラになった気がします。この値段なら大満足です！
4.00,40代,女性,ロングヘアーにもちょうどいい１２００Ｗ。しかし音がうるさい（高音）がちょっと気になります。モデルチェンジする前のパナのイオニティの方が静かだったと思います。
4.00,nothing,nothing,いつも利用してる家電店には、ピンク限定でお安くなっていなくて、こちらで購入できました。商品の仕様で仕方ないのかもしれませんが（それとも不良？？）、使用後、送風口が、やけどするほど熱いのです。。それだけがマイナス１です。
5.00,nothing,nothing,小さくてもパワフルなので満足しています。かなり安く買えました。感謝！
4.00,40代,男性,音は高音っぽい感じでそれなりにしますが前に使ってたものより少し静かになりました。ターボは風量も音も大きくなりますので使ってません。満足してます。
5.00,50代,女性,レビューである通り、若干臭いがしますが、気にならないくらいです。そのうち消えそうな程度です。音も高めで小さいと思います。値段も安くお買い得かと思います。
4.00,40代,男性,と言いたいところですが、目に見えないので正直わかりません。まあ値段を考えれば「名のあるメーカーもんだし、効いてる気がするなぁ〜」と思えば、そんな感じもします。
5.00,40代,男性,今まで使っていたドライヤーの調子が悪く、購入しようと検索していました。6/3のスーパーセールで他店がタイム特売で安く売っていたので購入しようと頑張ったのですが、2分ほどで売り切れてしまい、購入できませんでした。あきらめきれずに、他店で安く買えないか探したところ、Joshinさんが価格も安く送料無料金額も安かったので、購入しました。ドライヤーの上についている穴から多分イオンが出てるのだと思いますが、緩やかに風が出ています。軽くてもパワーがあり、使いかっても良いです。髪の毛がサラサラになるというコメントもありましたが、短髪のためあまり実感はありません。でも、以前より朝起きて毛が跳ねていても直りやすいように思えます。
5.00,30代,女性,長く使っていたイオンドライヤーが壊れてしまったので、買い換えました。一万円以上するドライヤーも考えましたが、「髪が乾けばいい」という夫の意見に従い、低価格のものを探すことにしました。風量がありコンパクトなサイズのマイナスイオンドライヤー、という条件に合致したのがこの商品です。以前使っていたドライヤーにはイオンのON/OFFスイッチがあったのですが、こちらにはありません。でも考えたら一度もイオンOFFにしたことがなかったので、必要なかったんだなあと思いました。大きさも想像通りコンパクトで軽く、風量もそこそこあって、使い勝手はいいです。ただ、速乾ノズルとマイナスイオンの効果は今のところ感じられません。でもお安いので良しとします。
5.00,nothing,nothing,コンパクトでもしっかり乾くドライヤーを探していました。散々悩みましたが、やはりこちらに決めて良かったです！軽くて使いやすく、娘も使いやすいと喜んでいます。
1.00,nothing,nothing,ハンドルが異常に熱いです。これで、故障でしょうかね。
4.00,30代,女性,問題なく使用していますが、ややパワーが強すぎるかな？（もちろん弱くもできますが）デザインは素敵です。
4.00,nothing,nothing,お店で高いドライヤーを薦められたのですが、そこまで高いのを買う気になれず、探していたところ、レビューで違いがそれ程ないようなので、購入しました。びっくりする位に早い発送で、良かったです。実際品も良く良かったです。
5.00,nothing,nothing,弟に頼まれての購入です。前に使っていたドライヤー、音が変になっていたので。こちら、とっても良いです！！音は高音です。温泉施設にあるようなドライヤーの音のようです。前のよりちょっぴりうるさい気がします・・・が、断然早く乾いて良いそうです。ちなみに、３０００円以上が送料無料なので、数百円分何か買ったほうがお得かと思いますね。
5.00,nothing,nothing,お安いですが、使いやすくて満足しています。
5.00,nothing,nothing,使っていたドライヤーが壊れ、購入させていただきました。大きさや風当たりも良く、購入して良かったです。迅速に配送していただき、ありがとうございました。
5.00,nothing,nothing,以前使っていたのよりも軽く、風量も強いので乾かしやすくて良いです娘の髪と自分の髪を乾かさないといけないので風量は特に心配だったんですが問題なしです
5.00,30代,男性,使い初めの数回は取説にもあるようにイオンの変な臭いがします、とあってその通りイオンの匂いがしてましたが、使って１ヶ月もしない内に匂いがしなくなりました。イオンは出ているかもしれませんが五感ではわかりません。ま、気分で楽しんでます。
4.00,50代,女性,パサパサで傷みが酷かったのに、このドライヤーで髪がしっとりきれくなりました。美容院で、ほめられました。
5.00,nothing,nothing,最近のドライヤーは安いですね、コンパクトだけど風量も十分です。
5.00,nothing,nothing,こんなんで十分です。ドライヤーってすぐ壊れるので安いのを短いスパンで使う？風量使い勝手も満足です。
5.00,20代,女性,10年以上使っていたドライヤーがついに壊れたため、以前使っていたのと同じパナソニックを選びました。他より安く買えて良かったです。熱量もよいしかわかしやすいです。イオンについてはいまいち効果がわかりません
4.00,50代,男性,依然使っていたものより かなりコンパクトでなのでブローするのにとても楽でした。音も気になりませんし、使用感もいいと思います。
4.00,nothing,nothing,軽くて使いやすいです。値段も手頃だと思います。
5.00,40代,女性,母のために買いました。25年くらい前の商品を失くしたと言っていたので。すぐ乾くと喜んでいました。
5.00,nothing,nothing,すぐとどきましたのでありがとうございました。
5.00,50代,女性,前のが突然壊れて慌てて購入しました。値段も手ごろで軽いし助かりました。
3.00,nothing,nothing,今まで使っていたナノケアの06年製が壊れたので買い替えです。この価格でしたら値段相応かと思います。
4.00,nothing,nothing,以前、ホテルの備付でイオニティを使ってとてもよかったので今回購入してみました。そのときはさらさらになったので、早く使ってみたいです。
5.00,50代,女性,子供も使うのでコンパクトサイズのタイプを選びました。価格的にもナノイオンのドライヤーとは比較できませんが、渇きも早く満足しています。もう少しマイナスイオンの効果を実感できたらうれしいのですが。
5.00,nothing,nothing,６年ほど使用していた日立のイオンドライヤーが故障したので買い替えです。音ですが、以前のものとは変わらず、許容範囲です。小さく軽いので、ドライしていても疲れません(笑)収納にも困りませんし〜ナノタイプは大きくて、重いんですよね...仕上がりもふんわり・しっとり♪この季節、静電気も起きにくいと思います。パナソニック製がこのお値段なら、大満足ですよ♪
4.00,nothing,nothing,【ｻｲｽﾞ】一般的なドライヤーサイズより若干小さめ。コンパクトで軽い。【風量】SETモードの風量は若干弱いものの、乾く時間には特に問題なし。温度が低めで髪に優しい感じ。【静音性】なし。甲高い音でSETモードでも若干うるさく感じ、ﾀｰﾎﾞだと耳障り。【イオン】若干効果あり。柔らかく細い、くせ毛、ﾀﾞﾒｰｼﾞありの髪質で、しっとり、サラサラとまではならずともまとまりは良くなります。風に若干匂いがあるので、イオンは出てると思います。【総合】この価格帯では良い商品だと思います。お店の対応もスムーズで良かったです。
4.00,60代,男性,イオンの効果のほどは定かではありませんが、良く乾きます。ただ、音が意外に大きく、甲高いので若干のマイナスです。でも、この価格でパナの商品が購入できたので満足です。
4.00,40代,女性,小型で軽く、持ちやすく、長くもっていても疲れません。本当は、このシリーズのゴールドが欲しかったのですが、写真よりも届いたものがよくみえました。ややパワー不足ですが、強すぎず、丁度よいです。
3.00,40代,男性,現在のが壊れたので購入。思ってより風量が足りなかったです。重さが以前のより軽いのでしかたないのかも。イオンのにおいなのか、ニオイがします。商品はすぐに届きました
5.00,30代,女性,長年使っていたドライヤーが調子悪くなったので最近は、どんなのがあるのかなーと思い一度ネットで調べてみようと楽天へ…まさに求めていた通りの理想のサイズで折りたためるし風圧も最高です♪お値段も可愛くて購入して大正解でした♪♪
5.00,30代,女性,以前使っていたものが焦げ臭くなってきたのでこちらに買い換えました。前のよりも髪がしっとりする気がします。パワーもあるし、満足です。
5.00,50代,男性,ボールムのある髪の毛に仕上げられる感じがします。
5.00,50代,女性,ナノの大きいのを持っていたのですが。これで充分。持ちやすいし、収納しやすい。デザイン、性能充分です。ホワイトもキレイで気にいってます。
5.00,nothing,nothing,以前、他メーカーで同価格帯＆スペックの物を購入したら、半年足らずで電源不良・・・やはり使い慣れたイオニティに戻り、満足！ショップ対応も迅速で今後も利用したいです。
5.00,30代,男性,軽くて使いやすいです。小さいのでパワーが弱いのかなと思ったけど、あまり風はでてませんが、乾きは抜群でした。イオン効果でサラサラ感も。
3.00,nothing,nothing,思っていたよりも音がうるさいです。高温で甲高いので、ちょっと耳触りです。マイナスイオンは、あまり実感出来ませんが、今まではついていないタイプのドライヤーを使っていたので、後々の効果を期待します。重さは軽いので、女性や子供にはいいかと思います。
4.00,30代,男性,ナノケアと迷いましたが、ナノケアも結局同じマイナスイオンです。電極がプラチナとかでできているから高いという話ですので、あまり違いは無いと思います。少なくとも、私と家内には違いは分かりませんでした。コストパフォーマンスも良く、これで十分と感じます。
5.00,30代,女性,寒いのにお風呂上がりの髪をタオルでふくのを嫌がるので手早く乾かしてあげたくて購入しました。以前は、クルクルドライヤーでしたが、こちらは風量も強いですし、早く髪が乾き、髪がぱさつかないようです。主人は、「イオンの香りがするー」だそうです。？？？ですが。家族全員が使ってとても役立っています。想像していたよりもコンパクトで、聞いたことのないメーカーの物も多数出回っていますが、このお値段でとても良いものが購入でき満足です。
4.00,20代,女性,まあまあ良い様な気がするけど、特別な思いは出来なかった。もっと高いの使ってみたい。
5.00,nothing,nothing,某大型ショッピングセンターの家電コーナーで3780円で売ってました。こちらのショップは送料無料でかなり安く買えました。まだ届いてないけど、楽しみです。
4.00,nothing,nothing,近所のショップより安かったのでネット購入しました。 在庫がなかった様で納期がかかりました。
4.00,20代,女性,まだ使ってないので効果はわかりませんが、旅行用に欲しかったので意外と小さいサイズで良かったです☆
5.00,nothing,nothing,以前使用していた物より髪の乾きが早い。しかも安いし。お買い得だと思います。
5.00,40代,女性,本当に髪を早く乾かしたいだけなら十分です。お値段もお安くて、軽くて気に入りました。
4.00,50代,男性,使っていたのが壊れたために新しいドライヤーを探していました。手軽でコンパクトなのがいいですね。風量はもう十分すぎるくらい十分ですよ。
5.00,nothing,nothing,使っていたドライヤーがいきなり壊れてしまい困ってました(>_<)発注してすぐに届いたので助かりましたo(^-^)o使い心地もすごく髪がﾂﾙﾂﾙになり、ｺﾞﾜｺﾞﾜしません(*^▽^*)音も静かで家族未満を罠満足してます(^-^)
5.00,nothing,nothing,使っていたドライヤーが壊れたので買いました。お値段は安いですが、風量も問題ないですし、髪の毛がまとまりやすくなりました。お買い得だったと思います！
4.00,50代,男性,今まで、風呂上がり自然乾燥でしたが、朝、寝ぐせがひどく、これを使いだしてから、セットが、大分楽になりました。
5.00,30代,女性,コンパクトでパワーもありとても使いやすいです。
5.00,nothing,nothing,イオンドライヤーは髪にいいと信じ使用しています。これからが楽しみです。
4.00,50代,男性,とっても使いやすくていいみたいですね。喜ばれました。
5.00,nothing,nothing,送料込みで３０００円超えず有名メーカーのマイナスイオンドライヤーが手に入るとは！！ネットショップってすばらしいですね。
4.00,nothing,nothing,ドライヤーが壊れたので急きょ購入。月曜日の朝１０時前に注文し、火曜日に発送・水曜日に着。もう１日早く欲しかったです！商品は小さめの割にハイパワーで今までの同じ１２００ｗのものより早く乾きます。マイナスイオンも感じられます。
5.00,30代,男性,気に入っていたドライヤーが壊れ、ネットでいろいろ探してたどり着き、即注文しました。すぐに届きましたし、品物も価格の割りにとても良いもので、夫婦で大満足しています。
5.00,40代,男性,今までドライヤーが壊れて購入しました。配送も速く、助かりました。軽いし、安いし助かりました。
5.00,40代,男性,びっくりしました。マイナスイオン、体感できました。
5.00,30代,男性,前のドライヤーが壊れたので買いました。この値段ですが、マイナスイオンも出ているので使用に問題ありません。しかも新しいドライヤーは早く乾くので快適です。
5.00,20代,女性,少し音がうるさいですが、この価格でマイナスイオンドライヤーが手に入ってうれしいです。髪も少ししっとりします。
4.00,30代,女性,マイナスイオンのドライヤーが、この価格で買えて良かったです。音の大きさは、そんなに気になりません。もともと髪の毛が傷んでいるので、イオンの効能は良くわかりません。
5.00,40代,男性,とても良い商品でした。ありがとうございました。
2.00,nothing,nothing,これ，うるさい…。安かろう悪かろうです。寝ぼけてたし壊れて焦っていたのもあるしちゃんと調べなかった私が悪いのですが・・・・・。前に使っていたEH5306と比べると，ものっすごいうるさい！イオンも1箇所からしか出ないしイオンチャージはもちろん無いし。良い点は・・・安いということ。軽いということ。それだけ。ということでEH5306新たに購入（;´▽｀A``使ってしまったので返品はしませんが誰かもらってくれないかなー＾＾；
4.00,40代,男性,時々訪れる別荘用ならコレで充分。コンパクトな割りには音もうるさくないからベスト。
5.00,30代,男性,しっかりとマイナスイオンを感じ取れますよ！そして、このお値打ち価格！！選択肢の一つに入れてしまうのですよね。
5.00,nothing,nothing,風量がかなりあるので、長くて量の多い髪がすぐに乾きました。髪のパサつきも改善された気がします。
5.00,30代,女性,使っていたドライヤーが壊れてしまったので注文しました。乾きも早くて使い心地も快適です。費用対効果としては◎なんじゃないでしょうか。
5.00,30代,女性,音がちょっとうるさいかな？イオンの風がちょっと冷たいです。でも折りたためるし、風量も充分です。
5.00,nothing,nothing,実家へ帰った時に実家のがぁまりに古くて急遽購入。メーカー品でぁりながらこの価格。品質・機能・デザインともに大変気に入りました。1200W のｲｵﾝﾄﾞﾗｲﾔｰがこんなに安ぃなんて家電の進化に驚くばかりです。髪を乾かす時間の短縮、サラサラの仕上がりにも満足してぃます☆オススメ
5.00,20代,女性,実家に帰省したときのために購入。ナショナルのマイナスイオンドライヤーがこの値段で購入できるとは驚きです。いまわたしが使っているものは、４倍近くのお値段がしましたが、使用感に違いは感じません。マイナスイオン効果があるのかないのかわらないのも同じです(笑)
5.00,nothing,nothing,マイナスイオン効果はよくわかりませんが、とにかく安かったので購入。
5.00,nothing,nothing,イオンが付いてこの値段なので他にもありましたが大手ブランドをあえて選びました。買って大正解です６歳の娘とパパも使うようになりました。ほんとさらさらで癖毛、硬い毛もさらさらです
5.00,nothing,nothing,今頃、何ですが、マイナスイオンいいです！髪がサラサラになる感じがします。マイナスイオンクルクルドライヤーは持っていたのですが、一気に乾かしたいとき重宝します。最近はもっと性能がいいドライヤーも出ていますが、このドライヤーでも充分といった感じです。
3.00,30代,女性,ターボ付で1200w、マイナスイオンも出てこの値段は安いと思います。静音構造じゃないけど、それほど気にならない大きさです。
5.00,20代,女性,マイナスイオンのドライヤーは初めて使いますが、今まで使っていたドライヤーよりも髪がサラサラになる気がします。大きさもちょうどよかったです。
5.00,nothing,nothing,頼んだ翌日届きました。良い買い物でした。
5.00,nothing,nothing,このお値段でマイナスイオンドライヤーが買えるなんて驚き。使っていたドライヤーが壊れたので急遽注文しましたが、値段は半分以下なのに使用感は劣らず・・得した気分です(^-^)値段が安いとデザインが安っぽいおもちゃっぽいものが多いですが、これはデザインもそこそこで、コンパクトに収納できる点もポイント高いです。ショップの対応の早さもあいまってイイお買い物でしたｖｖ
5.00,nothing,nothing,大手ヤ●●電気より安かったのが決手になりました（笑）リーズナブルなのに-イオンが出てお財布に優しいです。
5.00,nothing,nothing,イオン吹出し口が外付けだからなのか、以前使っていたマイナスイオンドライヤーよりこちらの方が髪がパサつかない感じがします。コンパクトに折りたためるのも旅行の時に便利。
5.00,20代,女性,マイナスイオンでこの値段。使用感もよくサラサラに仕上がります。
